,id,player_name,team_title,games,time,goals,xG,xG_diff,assists,xA,xA_diff,shots,key_passes,yellow_cards,npg,npxG,xGChain,xGBuildup
0,647,Harry Kane,Tottenham,35,3097,23,22.174858909100294,0.8251410908997059,14,7.577093588188291,6.422906411811709,138,49,1,19,19.130183439701796,24.995648321695626,4.451256847940385
1,1250,Mohamed Salah,Liverpool,37,3085,22,20.250846637412906,1.7491533625870943,5,6.528526101261377,-1.5285261012613773,126,55,0,16,15.683833638206124,28.968233548104763,9.800235655158758
2,1228,Bruno Fernandes,Manchester United,37,3117,18,16.0194544615224,1.9805455384775996,12,11.474995978176594,0.5250040218234062,121,95,6,9,8.40783962700516,26.911412378773093,11.93228487111628
3,453,Son Heung-Min,Tottenham,37,3139,17,11.023286756128073,5.976713243871927,10,9.512992469593883,0.48700753040611744,68,75,0,16,10.26211790367961,20.6719155497849,6.608751138672233
4,822,Patrick Bamford,Leeds,38,3085,17,18.401862610131502,-1.4018626101315022,7,3.7822465524077415,3.2177534475922585,107,30,3,15,16.87952494621277,23.394952706992626,4.131795546039939
5,5555,Dominic Calvert-Lewin,Everton,33,2878,16,18.210513669997454,-2.2105136699974537,0,2.101818833500147,-2.101818833500147,83,18,3,16,18.210513669997454,19.884306475520134,4.270797714591026
6,755,Jamie Vardy,Leicester,34,2848,15,19.94294610992074,-4.94294610992074,9,5.087881522253156,3.9121184777468443,82,28,1,7,13.0924265794456,18.227907367050648,2.41258773393929
7,8865,Ollie Watkins,Aston Villa,37,3330,14,16.280177645385265,-2.2801776453852654,5,5.314029491506517,-0.31402949150651693,98,45,2,13,14.757840014994144,22.014020785689354,5.3349911738187075
8,3277,Alexandre Lacazette,Arsenal,31,1939,13,12.028909418731928,0.9710905812680721,2,2.209213115274906,-0.20921311527490616,45,22,3,10,9.745402876287699,14.361542394384742,2.9379407837986946
9,314,Ilkay Gündogan,Manchester City,28,2033,13,9.566883080638945,3.433116919361055,2,3.8162196557968855,-1.8162196557968855,54,42,1,12,8.044545345939696,19.286811731755733,10.148374736309052
10,620,Kelechi Iheanacho,Leicester,25,1452,12,9.048596148379147,2.951403851620853,2,3.534099193289876,-1.534099193289876,59,28,1,12,8.287427310831845,13.961563635617495,3.4299153089523315
11,986,Danny Ings,Southampton,29,2200,12,8.276573244482279,3.723426755517721,4,2.3112305803224444,1.6887694196775556,57,22,1,10,6.7542355209589005,10.482218006625772,2.4790408574044704
12,468,Callum Wilson,Newcastle United,26,2079,12,13.59009125083685,-1.5900912508368492,5,3.046300631016493,1.9536993689835072,49,17,2,8,10.545415870845318,14.205592930316925,1.0525451973080635
13,4456,Chris Wood,Burnley,33,2765,12,12.954135425388813,-0.954135425388813,3,2.03811838850379,0.9618816114962101,70,23,0,10,11.431797690689564,13.585281524807215,2.1498517598956823
14,556,Marcus Rashford,Manchester United,37,2941,11,9.579709991812706,1.420290008187294,9,4.185122115537524,4.814877884462476,79,44,4,11,9.579709991812706,20.441910162568092,8.927207557484508
15,2251,Gareth Bale,Tottenham,20,909,11,5.797857677564025,5.202142322435975,2,1.842241395264864,0.15775860473513603,38,21,1,11,5.797857677564025,8.149640910327435,2.5945137250237167
16,838,Sadio Mané,Liverpool,35,2805,11,14.828547755256295,-3.828547755256295,7,7.787754854187369,-0.7877548541873693,94,61,3,11,14.828547755256295,24.99892319738865,6.057656282559037
17,522,Wilfried Zaha,Crystal Palace,30,2615,11,8.804439894855022,2.1955601051449776,2,3.7028211038559675,-1.7028211038559675,60,30,6,9,7.282102234661579,13.579472474753857,3.6344361882656813
18,7153,Matheus Pereira,West Bromwich Albion,33,2594,11,6.948316538706422,4.051683461293578,6,6.355539299547672,-0.35553929954767227,65,58,2,7,3.9036410860717297,10.857054157182574,3.75792377255857
19,318,Pierre-Emerick Aubameyang,Arsenal,29,2333,10,10.450051955878735,-0.4500519558787346,3,2.4313493398949504,0.5686506601050496,57,22,2,8,8.927714295685291,15.113904064521194,3.955129318870604
20,8288,Tomas Soucek,West Ham,38,3420,10,8.982983335852623,1.017016664147377,1,2.4447560105472803,-1.4447560105472803,64,18,7,10,8.982983335852623,16.99843479692936,8.716958418488503
21,618,Raheem Sterling,Manchester City,31,2539,10,12.050674013793468,-2.0506740137934685,7,6.628709886223078,0.3712901137769222,70,39,4,10,11.289505157619715,25.88372514024377,12.17315935343504
22,5612,Anwar El Ghazi,Aston Villa,28,1612,10,9.037517840974033,0.9624821590259671,0,1.8828656133264303,-1.8828656133264303,64,26,2,6,5.99284244235605,7.845562790520489,2.6913463715463877
23,5656,Nicolas Pepe,Arsenal,29,1602,10,6.000206441618502,3.999793558381498,1,1.0121600376442075,-0.012160037644207478,47,11,1,9,5.239037621766329,9.35974013991654,4.217725777998567
24,3294,Edinson Cavani,Manchester United,26,1355,10,8.603231720626354,1.3967682793736458,3,2.3172435145825148,0.6827564854174852,34,14,4,10,8.603231720626354,12.259187385439873,2.730645166710019
25,531,Michail Antonio,West Ham,26,1993,10,14.138838540762663,-4.138838540762663,5,3.1944228131324053,1.8055771868675947,63,27,3,10,14.138838540762663,19.273825880140066,2.7705206014215946
26,606,Christian Benteke,Crystal Palace,30,1824,10,7.457401188090444,2.5425988119095564,1,0.6976262861862779,0.30237371381372213,71,15,1,10,7.457401188090444,8.47283953242004,3.153553775511682
27,750,Riyad Mahrez,Manchester City,27,1961,9,6.23244518134743,2.7675548186525702,6,6.086525144055486,-0.08652514405548573,58,45,0,9,6.23244518134743,18.846324333921075,9.170806819573045
28,482,Roberto Firmino,Liverpool,36,2882,9,12.860213406383991,-3.8602134063839912,7,6.116863399744034,0.8831366002559662,83,44,2,9,12.860213406383991,25.271457761526108,10.198550110682845
29,558,Jesse Lingard,West Ham,16,1434,9,5.249168518930674,3.7508314810693264,4,2.329288413748145,1.670711586251855,42,18,3,8,3.726830892264843,10.095708649605513,5.690425142645836
30,6681,Harvey Barnes,Leicester,25,1954,9,6.697319919243455,2.302680080756545,4,1.7716880273073912,2.228311972692609,56,26,0,9,6.697319919243455,8.893774410709739,1.5948405284434557
31,7700,Che Adams,Southampton,36,2685,9,12.118734162300825,-3.118734162300825,5,5.227753505110741,-0.22775350511074066,55,37,1,9,12.118734162300825,14.486911714076996,2.7446243297308683
32,6854,Diogo Jota,Liverpool,19,1114,9,7.05772053822875,1.9422794617712498,0,1.7625210750848055,-1.7625210750848055,46,12,2,9,7.05772053822875,10.972974702715874,4.0760964918881655
33,6055,Phil Foden,Manchester City,28,1606,9,6.083393443375826,2.916606556624174,5,4.749281365424395,0.2507186345756054,45,36,0,9,6.083393443375826,13.83503944799304,5.486512366682291
34,5543,Gabriel Jesus,Manchester City,29,2053,9,9.653353471308947,-0.6533534713089466,4,3.5496952617540956,0.45030473824590445,55,31,2,9,9.653353471308947,17.878496561199427,6.233648158609867
35,6630,Joe Willock,Newcastle United,14,986,8,4.84517777711153,3.1548222228884697,0,0.6722021475434303,-0.6722021475434303,19,8,0,8,4.084008999168873,6.487727362662554,2.772796125151217
36,843,James Ward-Prowse,Southampton,38,3420,8,5.4420363157987595,2.5579636842012405,7,4.070979097858071,2.9290209021419287,43,60,5,5,2.3973609507083893,10.637730238959193,9.40103399939835
37,7711,David McGoldrick,Sheffield United,35,2409,8,7.6057522259652615,0.39424777403473854,1,1.11661896109581,-0.11661896109580994,71,17,7,8,7.6057522259652615,9.950739227235317,3.2536970684304833
38,8718,Stuart Dallas,Leeds,38,3412,8,4.457073524594307,3.542926475405693,2,2.084683418273926,-0.08468341827392578,48,26,7,8,4.457073524594307,18.534343764185905,13.809802262112498
39,6818,James Maddison,Leicester,31,2123,8,3.827569866552949,4.172430133447051,5,5.386723920702934,-0.38672392070293427,75,50,4,8,3.827569866552949,11.743431102484465,6.073130352422595
40,8720,Jack Harrison,Leeds,36,2871,8,6.254042700864375,1.7459572991356254,8,7.5230593085289,0.47694069147109985,46,59,2,8,6.254042700864375,19.39748965576291,8.035575423389673
41,3621,Neal Maupay,Brighton,33,2526,8,13.773534506559372,-5.773534506559372,2,4.277407880872488,-2.277407880872488,71,32,1,5,10.728932749480009,17.157539159059525,3.381784765049815
42,1776,Jarrod Bowen,West Ham,38,2599,8,7.988894352689385,0.011105647310614586,5,5.229475776664913,-0.2294757766649127,55,29,0,8,7.988894352689385,14.171939106658101,3.0969949951395392
43,7490,Mason Greenwood,Manchester United,31,1825,7,6.975748036056757,0.024251963943243027,2,2.4278998095542192,-0.42789980955421925,67,14,2,7,6.975748036056757,14.031832756474614,5.954058945178986
44,695,Bertrand Traoré,Aston Villa,36,2362,7,6.304105126298964,0.695894873701036,6,4.570987721905112,1.4290122780948877,64,35,1,7,6.304105126298964,9.835355166345835,1.3322140527889132
45,6026,Richarlison,Everton,34,2883,7,10.67026119865477,-3.670261198654771,3,3.3947611711919308,-0.39476117119193077,81,25,4,6,9.909092361107469,15.864714227616787,5.1744528617709875
46,2381,Rodrigo,Leeds,26,1285,7,5.755642192438245,1.2443578075617552,2,3.200529370456934,-1.200529370456934,46,31,3,7,5.755642192438245,10.81597439199686,4.3486531134694815
47,6441,Ferrán Torres,Manchester City,24,1305,7,5.7287076292559505,1.2712923707440495,2,2.202425992116332,-0.20242599211633205,36,18,1,7,5.7287076292559505,10.002996038645506,2.9583620112389326
48,1389,Jorginho,Chelsea,28,2022,7,6.972690678201616,0.02730932179838419,1,1.954869382083416,-0.954869382083416,14,24,2,0,0.12224532943218946,11.383730475790799,10.87897537369281
49,675,Jack Grealish,Aston Villa,26,2187,6,5.192683823406696,0.8073161765933037,10,9.334136627614498,0.6658633723855019,50,81,5,6,5.192683823406696,17.48746880888939,6.972043983638287
50,65,Timo Werner,Chelsea,35,2605,6,13.432795586064458,-7.432795586064458,8,6.66727664321661,1.33272335678339,80,36,2,6,13.432795586064458,20.533462934195995,5.242121719755232
51,8026,Raphinha,Leeds,30,2369,6,6.219142843037844,-0.2191428430378437,9,9.524860586971045,-0.5248605869710445,67,65,3,6,6.219142843037844,16.792777836322784,6.679691860452294
52,2249,James Rodríguez,Everton,23,1802,6,3.3635378424078226,2.6364621575921774,4,5.439711567014456,-1.4397115670144558,37,40,4,6,3.3635378424078226,12.033004865050316,7.104181377217174
53,714,Gylfi Sigurdsson,Everton,36,2250,6,6.404703327454627,-0.40470332745462656,5,4.837685821577907,0.1623141784220934,49,44,2,3,3.360027943737805,8.475105920806527,3.660514172166586
54,702,Tammy Abraham,Chelsea,22,1027,6,6.189150683581829,-0.18915068358182907,1,0.7214874606579542,0.2785125393420458,32,9,0,6,6.189150683581829,7.9011704083532095,2.1223282255232334
55,447,Kevin De Bruyne,Manchester City,25,2008,6,9.98343913257122,-3.9834391325712204,12,10.9582067001611,1.0417932998389006,81,79,1,4,7.699932523071766,22.51689299941063,11.297133274376392
56,501,Danny Welbeck,Brighton,24,1551,6,7.380381532013416,-1.3803815320134163,1,3.231366850435734,-2.231366850435734,35,22,0,6,6.6192494705319405,10.265666516497731,1.476512636989355
57,7768,Mason Mount,Chelsea,36,2891,6,6.884880336001515,-0.8848803360015154,5,9.847691355273128,-4.8476913552731276,82,87,2,5,6.123711509630084,21.69607448298484,12.443149040453136
58,5956,Youri Tielemans,Leicester,38,3359,6,4.168203926645219,1.8317960733547807,4,3.312251338735223,0.6877486612647772,48,49,6,4,2.6458663111552596,18.97534204274416,14.94546852633357
59,6827,Bobby Reid,Fulham,33,2394,5,4.269851532764733,0.7301484672352672,2,1.3097007106989622,0.6902992893010378,34,14,7,5,4.269851532764733,8.202645358629525,3.1313844807446003
60,935,Kurt Zouma,Chelsea,24,2024,5,3.1368534453213215,1.8631465546786785,0,0.08146697096526623,-0.08146697096526623,27,4,3,5,3.1368534453213215,6.216146335937083,6.133133308030665
61,6382,Pedro Neto,Wolverhampton Wanderers,31,2570,5,5.494995640590787,-0.49499564059078693,6,5.738268097862601,0.2617319021373987,62,61,4,5,5.494995640590787,11.516661681234837,4.206935252994299
62,2335,Pablo Fornals,West Ham,33,2603,5,6.74941030330956,-1.7494103033095598,4,2.532995485700667,1.467004514299333,50,31,3,5,6.74941030330956,16.320041246712208,8.427109042182565
63,6853,Rúben Neves,Wolverhampton Wanderers,36,2681,5,4.744082774966955,0.2559172250330448,1,2.061172847636044,-1.061172847636044,67,33,7,2,2.460576256737113,6.995869668200612,4.673971687443554
64,4476,Callum Robinson,West Bromwich Albion,28,1580,5,3.2030633985996246,1.7969366014003754,0,1.0499632060527802,-1.0499632060527802,31,16,0,5,3.2030633985996246,5.2165407538414,1.5963355377316475
65,6048,Lewis Dunk,Brighton,33,2934,5,2.7090762509033084,2.2909237490966916,0,0.830638368614018,-0.830638368614018,32,10,5,5,2.7090762509033084,8.376229837536812,7.971441999077797
66,7698,Leandro Trossard,Brighton,35,2647,5,5.412756389006972,-0.4127563890069723,5,5.398416234180331,-0.39841623418033123,58,51,2,5,5.412756389006972,15.99893451668322,7.631562136113644
67,7322,Bukayo Saka,Arsenal,32,2577,5,7.169173587113619,-2.169173587113619,3,4.511790654622018,-1.5117906546220183,61,38,1,5,7.169173587113619,18.292466390877962,9.180439569987357
68,4381,Mateusz Klich,Leeds,35,2404,4,2.999958790373057,1.0000412096269429,5,3.6508504655212164,1.3491495344787836,36,44,6,2,1.4776211227290332,14.60811685398221,10.386438000015914
69,7420,Miguel Almirón,Newcastle United,34,2458,4,3.509381879121065,0.49061812087893486,1,3.1359253535047174,-2.1359253535047174,33,31,3,4,3.509381879121065,9.295024225488305,3.899067119695246
70,87,Joelinton,Newcastle United,31,2006,4,5.631002204492688,-1.6310022044926882,2,2.366481453180313,-0.3664814531803131,43,17,3,3,4.869833366945386,9.268310604617,3.2849576491862535
71,4105,Raúl Jiménez,Wolverhampton Wanderers,10,824,4,2.3609096854925156,1.6390903145074844,0,0.6329625025391579,-0.6329625025391579,26,6,0,4,2.3609096854925156,3.6840762607753277,1.2332111839205027
72,8778,Fabio Silva,Wolverhampton Wanderers,32,1341,4,6.13615732640028,-2.13615732640028,3,1.1684245318174362,1.8315754681825638,48,11,2,3,5.374988496303558,5.087808325886726,1.0827536787837744
73,2662,Christian Pulisic,Chelsea,27,1739,4,6.775412477552891,-2.7754124775528908,2,2.7612321693450212,-0.7612321693450212,43,25,2,4,6.775412477552891,14.593857947736979,7.101119593717158
74,8706,Eberechi Eze,Crystal Palace,34,2570,4,2.494572142139077,1.5054278578609228,6,3.741961938329041,2.258038061670959,37,42,3,4,2.494572142139077,7.996477495878935,3.959954559803009
75,502,Olivier Giroud,Chelsea,17,750,4,5.070415806025267,-1.0704158060252666,0,1.1757991276681423,-1.1757991276681423,29,6,1,4,5.070415806025267,5.245491370558739,1.7113372217863798
76,619,Sergio Agüero,Manchester City,12,556,4,3.716518562287092,0.2834814377129078,1,1.315659787505865,-0.3156597875058651,19,7,0,3,2.1941808788105845,4.158569987863302,1.2831713519990444
77,586,John Stones,Manchester City,22,1933,4,2.501298673450947,1.4987013265490532,0,0.04683952126652002,-0.04683952126652002,15,2,0,4,2.501298673450947,10.388179659843445,10.28851056098938
78,5560,Scott McTominay,Manchester United,32,2121,4,1.8477440048009157,2.1522559951990843,1,2.11461328715086,-1.1146132871508598,26,17,3,4,1.8477440048009157,10.912294186651707,7.904809940606356
79,5556,Ademola Lookman,Fulham,34,2765,4,6.251116008497775,-2.2511160084977746,4,5.25840737298131,-1.25840737298131,69,61,5,4,5.48994714114815,15.355220101773739,7.334159415215254
80,553,Anthony Martial,Manchester United,22,1494,4,7.405651165172458,-3.4056511651724577,3,2.6198029601946473,0.3801970398053527,42,17,0,4,7.405651165172458,11.814813017845154,3.3195053301751614
81,6893,Stuart Armstrong,Southampton,33,2791,4,2.640008491463959,1.3599915085360408,5,2.9013565443456173,2.0986434556543827,54,35,3,4,2.640008491463959,10.028461560606956,6.737702840939164
82,5220,Kai Havertz,Chelsea,27,1523,4,6.352183712646365,-2.352183712646365,3,1.553381915204227,1.446618084795773,33,18,2,4,6.352183712646365,10.382943627424538,4.811911249533296
83,964,Kyle Bartley,West Bromwich Albion,30,2581,3,2.6014003232121468,0.39859967678785324,1,0.7599650248885155,0.24003497511148453,14,7,4,3,2.6014003232121468,2.48464941047132,1.4993401113897562
84,1017,Matej Vydra,Burnley,28,1363,3,5.373272832483053,-2.373272832483053,2,2.1183407343924046,-0.11834073439240456,35,14,0,3,5.373272832483053,6.425857454538345,1.0472040101885796
85,669,Ashley Westwood,Burnley,38,3412,3,1.0059903170913458,1.9940096829086542,3,6.534150272607803,-3.5341502726078033,19,52,7,3,1.0059903170913458,10.02816173247993,6.304798097349703
86,4422,Ashley Barnes,Burnley,22,1342,3,3.874066237360239,-0.874066237360239,0,0.8005475150421262,-0.8005475150421262,38,19,4,2,3.1128973700106144,4.19031529314816,1.1986291762441397
87,8291,Daniel Podence,Wolverhampton Wanderers,24,1718,3,2.744377875700593,0.255622124299407,2,1.8394327834248543,0.16056721657514572,32,21,3,3,2.744377875700593,6.725102685391903,2.910881344228983
88,3491,Romain Saiss,Wolverhampton Wanderers,27,2409,3,3.169141481630504,-0.16914148163050413,0,0.6693505402654409,-0.6693505402654409,28,5,2,3,3.169141481630504,4.751177296042442,3.9122766880318522
89,782,Ben Chilwell,Chelsea,27,2296,3,2.9848903995007277,0.015109600499272346,5,2.455677840858698,2.544322159141302,27,30,3,3,2.9848903995007277,11.330961346626282,8.155131921172142
90,9290,Mbaye Diagne,West Bromwich Albion,16,1205,3,6.247825153172016,-3.247825153172016,2,0.9861007407307625,1.0138992592692375,25,10,2,3,6.247825153172016,8.729950740933418,1.773010155186057
91,773,Aleksandar Mitrovic,Fulham,27,1369,3,5.677362998947501,-2.677362998947501,3,2.9247111547738314,0.07528884522616863,59,23,3,2,4.1550253089517355,7.808299113065004,1.8494821228086948
92,111,Jannik Vestergaard,Southampton,30,2571,3,2.1054082941263914,0.8945917058736086,0,0.7408252637833357,-0.7408252637833357,23,7,3,3,2.1054082941263914,6.064834667369723,5.990050286054611
93,3683,Ivan Cavaleiro,Fulham,36,2477,3,5.548666689544916,-2.548666689544916,0,2.68047393579036,-2.68047393579036,47,42,2,2,4.026328969746828,8.240886438637972,2.8567301016300917
94,1740,Paul Pogba,Manchester United,26,1893,3,2.9882028456777334,0.011797154322266579,3,2.066863002255559,0.933136997744441,31,24,3,3,2.9882028456777334,11.6914734095335,7.444205395877361
95,592,Ross Barkley,Aston Villa,24,1539,3,3.6824169689789414,-0.6824169689789414,1,4.2037634532898664,-3.2037634532898664,38,39,0,3,3.6824169689789414,9.674292768351734,3.627397581934929
96,503,Theo Walcott,Southampton,21,1650,3,2.280676642432809,0.7193233575671911,3,1.2631027586758137,1.7368972413241863,29,17,0,3,2.280676642432809,5.551979407668114,2.2335501089692116
97,1653,Michael Keane,Everton,35,2986,3,1.5046916585415602,1.4953083414584398,1,1.0852528270334005,-0.08525282703340054,16,7,4,3,1.5046916585415602,6.951784314587712,6.675621526315808
98,5962,Tanguy NDombele Alvaro,Tottenham,33,2141,3,1.5304815424606204,1.4695184575393796,2,2.1263335961848497,-0.12633359618484974,18,14,3,3,1.5304815424606204,10.934965118765831,8.005785129964352
99,3428,Hélder Costa,Leeds,22,1152,3,2.598154854029417,0.40184514597058296,3,0.6283337883651257,2.3716662116348743,16,7,0,3,2.598154854029417,4.516011323779821,2.2073262743651867
100,101,Allan Saint-Maximin,Newcastle United,25,1578,3,2.8259131088852882,0.17408689111471176,4,4.013324308209121,-0.013324308209121227,30,29,0,3,2.8259131088852882,10.59472032263875,4.22400295548141
101,3293,Lucas Moura,Tottenham,30,1392,3,1.9466326590627432,1.0533673409372568,4,2.0640352852642536,1.9359647147357464,18,16,1,3,1.9466326590627432,7.51403795927763,5.200064562261105
102,7723,John McGinn,Aston Villa,37,3330,3,2.166595253162086,0.833404746837914,5,3.5017576599493623,1.4982423400506377,45,42,12,3,2.166595253162086,14.868267310783267,9.945619264617562
103,5595,Daniel James,Manchester United,15,920,3,2.312423251569271,0.6875767484307289,1,1.3286132868379354,-0.32861328683793545,17,10,3,3,2.312423251569271,5.241103306412697,2.1443817038089037
104,6144,Sébastien Haller,West Ham,16,933,3,2.554668180644512,0.4453318193554878,0,1.134867813438177,-1.134867813438177,25,10,0,3,2.554668180644512,3.66033024340868,0.8529489319771528
105,804,Craig Dawson,West Ham,22,1925,3,2.7360607353039086,0.2639392646960914,0,0.054468296468257904,-0.054468296468257904,16,2,3,3,2.7360607353039086,3.005057269707322,3.005057269707322
106,528,Angelo Ogbonna,West Ham,28,2493,3,1.6960736466571689,1.3039263533428311,0,0.4284707475453615,-0.4284707475453615,13,4,5,3,1.6960736466571689,4.00784369930625,3.785348754376173
107,7712,Billy Sharp,Sheffield United,16,723,3,2.983076898381114,0.016923101618885994,0,0.5832782126963139,-0.5832782126963139,9,4,1,1,1.4607392232865095,2.650699468329549,0.6648953501135111
108,5587,Josh Maja,Fulham,15,809,3,4.918053388595581,-1.918053388595581,0,0.7428302690386772,-0.7428302690386772,21,7,0,2,4.156884551048279,4.449021197855473,0.6455439738929272
109,239,Pascal Groß,Brighton,34,2469,3,5.010525770485401,-2.010525770485401,8,5.368290125392377,2.6317098746076226,32,69,3,0,1.9658871926367283,10.404419407248497,6.732295144349337
110,5613,Gabriel,Arsenal,23,1994,2,1.5645499601960182,0.4354500398039818,0,0.05609598755836487,-0.05609598755836487,16,2,2,2,1.5645499601960182,5.762660853564739,5.748227469623089
111,6482,Eddie Nketiah,Arsenal,17,405,2,2.022098697721958,-0.02209869772195816,1,0.7423548772931099,0.2576451227068901,12,8,0,2,2.022098697721958,2.0772803630679846,0.22055049240589142
112,7230,Emile Smith-Rowe,Arsenal,20,1456,2,1.5921600051224232,0.40783999487757683,4,3.622619265690446,0.3773807343095541,13,27,0,2,1.5921600051224232,9.538248419761658,5.634505972266197
113,1746,Jeff Hendrick,Newcastle United,22,1436,2,1.107993796467781,0.8920062035322189,1,1.4332300974056125,-0.43323009740561247,10,6,1,2,1.107993796467781,3.6056416034698486,1.3866964289918542
114,6049,Solly March,Brighton,21,1684,2,1.7836019955575466,0.21639800444245338,1,1.67881984077394,-0.6788198407739401,22,27,0,2,1.7836019955575466,8.322110306471586,5.68054904974997
115,6027,Jairo Riedewald,Crystal Palace,33,1803,2,0.5630812272429466,1.4369187727570534,0,0.8973613884299994,-0.8973613884299994,8,11,4,2,0.5630812272429466,3.511384854093194,2.3339505027979612
116,7991,Aaron Connolly,Brighton,17,799,2,4.464137131348252,-2.4641371313482523,1,0.16078385151922703,0.839216148480773,23,6,0,2,4.464137131348252,4.783491691574454,0.19122542813420296
117,7752,Gabriel Martinelli,Arsenal,14,581,2,3.2524504773318768,-1.2524504773318768,1,1.7456509061157703,-0.7456509061157703,20,9,0,2,3.2524504773318768,6.159719843417406,1.7565973456948996
118,6063,Jacob Murphy,Newcastle United,26,1611,2,1.4909526873379946,0.5090473126620054,3,3.4334888719022274,-0.4334888719022274,30,19,3,2,1.4909526873379946,8.043614191003144,4.10231579374522
119,757,Jeffrey Schlupp,Crystal Palace,27,1424,2,2.0151155441999435,-0.015115544199943542,3,2.5725825037807226,0.4274174962192774,18,18,3,2,2.0151155441999435,5.158029245212674,3.4669567365199327
120,6456,Callum Hudson-Odoi,Chelsea,23,1048,2,1.3696892522275448,0.6303107477724552,3,3.104141779243946,-0.10414177924394608,23,31,0,2,1.3696892522275448,7.824358187615871,5.499199015088379
121,1654,Ben Mee,Burnley,30,2695,2,1.6194155449047685,0.38058445509523153,0,0.8052035262808204,-0.8052035262808204,22,7,3,2,1.6194155449047685,2.1182815926149487,2.01590633392334
122,1663,Johann Berg Gudmundsson,Burnley,22,1369,2,1.5335700865834951,0.46642991341650486,0,0.9595043435692787,-0.9595043435692787,19,10,2,2,1.5335700865834951,3.6138852685689926,1.3255044473335147
123,6756,Dwight McNeil,Burnley,36,3075,2,1.0806847736239433,0.9193152263760567,5,5.477006817236543,-0.4770068172365427,27,47,1,2,1.0806847736239433,6.948603229597211,3.6068124379962683
124,3288,Thiago Silva,Chelsea,23,1938,2,1.3205454014241695,0.6794545985758305,0,0.2914941646158695,-0.2914941646158695,13,5,3,2,1.3205454014241695,7.84285775385797,7.636919112876058
125,771,Georginio Wijnaldum,Liverpool,38,2961,2,2.817426797002554,-0.8174267970025539,0,1.6629218505695462,-1.6629218505695462,31,21,1,2,2.817426797002554,13.922181812115014,10.476276839151978
126,1791,Trent Alexander-Arnold,Liverpool,36,3040,2,2.5930596301332116,-0.5930596301332116,7,8.576367635279894,-1.5763676352798939,55,77,2,2,2.5930596301332116,23.10788096860051,17.6489075710997
127,3600,Serge Aurier,Tottenham,19,1619,2,1.475271712988615,0.524728287011385,3,3.7193944454193115,-0.7193944454193115,15,17,0,2,1.475271712988615,8.711731988936663,5.293095897883177
128,343,Pierre-Emile Højbjerg,Tottenham,38,3420,2,1.1379272593185306,0.8620727406814694,4,1.7558950493112206,2.2441049506887794,14,16,9,2,1.1379272593185306,16.20580850355327,14.680379221215844
129,5553,Declan Rice,West Ham,32,2880,2,3.1917652431875467,-1.1917652431875467,1,1.9789341911673546,-0.9789341911673546,28,23,2,1,1.6694275382906199,10.661632234230638,9.188759015873075
130,3203,Issa Diop,West Ham,18,1379,2,0.9535309672355652,1.0464690327644348,0,0.017779581248760223,-0.017779581248760223,3,1,3,2,0.9535309672355652,2.147920772433281,1.8317234739661217
131,725,Ola Aina,Fulham,31,2683,2,0.8479764661751688,1.1520235338248312,1,1.5527279656380415,-0.5527279656380415,14,15,3,2,0.8479764661751688,6.773145352024585,6.1204672530293465
132,8992,Hakim Ziyech,Chelsea,23,1182,2,1.9873138703405857,0.012686129659414291,3,4.4784491918981075,-1.4784491918981075,35,34,3,2,1.9873138703405857,7.660671561956406,3.6919242860749364
133,1621,Marcos Alonso,Chelsea,13,962,2,1.8240782842040062,0.1759217157959938,0,1.7216993779875338,-1.7216993779875338,22,15,2,2,1.8240782842040062,4.643395733088255,2.536423623561859
134,766,Jamaal Lascelles,Newcastle United,19,1633,2,0.7653548326343298,1.2346451673656702,0,0.06688277795910835,-0.06688277795910835,16,2,4,2,0.7653548326343298,2.606449857354164,2.349907726049423
135,1678,Michy Batshuayi,Crystal Palace,18,706,2,1.3631451642140746,0.6368548357859254,1,1.6547212526202202,-0.6547212526202202,12,9,0,2,1.3631451642140746,3.708006873726845,1.4757320675998926
136,900,Adama Traoré,Wolverhampton Wanderers,37,2630,2,2.0761541817337275,-0.07615418173372746,2,5.271671320311725,-3.271671320311725,43,55,4,2,2.0761541817337275,9.475093045271933,3.006398070603609
137,3389,Benjamin Mendy,Manchester City,13,955,2,0.33414089120924473,1.6658591087907553,1,0.301439743489027,0.698560256510973,6,5,2,2,0.33414089120924473,2.7691368013620377,2.3486025109887123
138,1687,Harry Maguire,Manchester United,34,3049,2,1.4843367198482156,0.5156632801517844,1,0.2909430041909218,0.7090569958090782,36,7,11,2,1.4843367198482156,13.127003896981478,13.018347103148699
139,4490,Semi Ajayi,West Bromwich Albion,33,2773,2,1.7337955124676228,0.26620448753237724,0,0.510466268286109,-0.510466268286109,13,7,3,2,1.7337955124676228,4.6292767114937305,3.112332496792078
140,1738,Hal Robson-Kanu,West Bromwich Albion,19,522,2,1.4960813112556934,0.5039186887443066,0,0.24345019459724426,-0.24345019459724426,13,5,2,2,1.4960813112556934,2.264205154031515,0.6344092078506947
141,1737,Matt Phillips,West Bromwich Albion,33,1823,2,2.9235169077292085,-0.9235169077292085,1,3.245671344920993,-2.245671344920993,22,25,1,2,2.9235169077292085,7.040551715530455,2.6132307648658752
142,2379,João Cancelo,Manchester City,28,2309,2,1.8656360246241093,0.13436397537589073,3,5.1776401260867715,-2.1776401260867715,35,45,5,2,1.8656360246241093,18.105726182460785,14.480545476078987
143,2496,Rodri,Manchester City,34,2751,2,2.6599033242091537,-0.6599033242091537,2,2.3353825602680445,-0.33538256026804447,32,33,6,1,1.8987344661727548,20.85731951147318,18.965820886194706
144,3635,Bernardo Silva,Manchester City,26,2080,2,3.5988134182989597,-1.5988134182989597,6,4.823389740660787,1.1766102593392134,28,27,5,2,3.5988134182989597,17.112389797344804,10.653521364554763
145,9040,Conor Gallagher,West Bromwich Albion,30,2529,2,1.542326157912612,0.45767384208738804,2,1.4182877968996763,0.5817122031003237,29,21,11,2,1.542326157912612,5.059539876878262,3.124785490334034
146,9205,Jayden Bogle,Sheffield United,16,1109,2,1.9150196239352226,0.08498037606477737,0,0.2085538413375616,-0.2085538413375616,17,4,2,2,1.9150196239352226,2.668701134622097,1.365645308047533
147,770,Ayoze Pérez,Leicester,25,1326,2,4.0365753173828125,-2.0365753173828125,1,1.2486064918339252,-0.24860649183392525,31,23,2,2,4.0365753173828125,9.872759373858571,6.759955797344446
148,807,Jonny Evans,Leicester,28,2483,2,1.8557127667590976,0.14428723324090242,2,0.5386310797184706,1.4613689202815294,8,10,7,2,1.8557127667590976,8.730609510093927,7.94296670332551
149,6157,Timothy Castagne,Leicester,27,2349,2,1.6002665907144547,0.39973340928554535,3,2.3069625329226255,0.6930374670773745,8,21,1,2,1.6002665907144547,8.445917392149568,6.606226626783609
150,7753,James Justin,Leicester,23,2070,2,1.517483089119196,0.48251691088080406,1,2.0591362714767456,-1.0591362714767456,9,19,4,2,1.517483089119196,7.665663853287697,5.505036119371653
151,6521,Yerry Mina,Everton,24,1941,2,1.749434195458889,0.250565804541111,0,0.01959897391498089,-0.01959897391498089,17,1,2,2,1.749434195458889,4.3131408374756575,4.212718678638339
152,5584,Aaron Wan-Bissaka,Manchester United,34,3060,2,0.9324539508670568,1.0675460491329432,4,2.547663254663348,1.4523367453366518,7,31,3,2,0.9324539508670568,12.242122776806355,9.676274543628097
153,8722,Ezgjan Alioski,Leeds,36,2475,2,1.7466110391542315,0.25338896084576845,3,3.332753329537809,-0.3327533295378089,25,28,7,2,1.7466110391542315,13.478339981753379,9.686265880707651
154,7722,Trézéguet,Aston Villa,21,1175,2,3.9790354687720537,-1.9790354687720537,1,2.1475677508860826,-1.1475677508860826,35,13,0,2,3.9790354687720537,7.027209060266614,1.9039327781647444
155,790,Nathan Redmond,Southampton,29,1718,2,3.833790460601449,-1.833790460601449,3,3.3530822433531284,-0.35308224335312843,45,29,1,2,3.833790460601449,8.997613228857517,3.2675564512610435
156,1024,Tyrone Mings,Aston Villa,36,3194,2,2.0616126153618097,-0.06161261536180973,2,0.376271465793252,1.623728534206748,19,7,4,2,2.0616126153618097,6.932438758201897,6.708538291044533
157,7726,Ezri Konsa Ngoyo,Aston Villa,36,3192,2,3.291558614000678,-1.291558614000678,0,0.09317662566900253,-0.09317662566900253,22,2,3,2,3.291558614000678,3.429550213739276,3.3819441627711058
158,8239,Takumi Minamino,Southampton,10,728,2,1.6592608839273453,0.3407391160726547,0,0.810821570456028,-0.810821570456028,13,5,1,2,1.6592608839273453,4.67285992205143,2.3133037090301514
159,1726,Abdoulaye Doucouré,Everton,29,2468,2,2.3695230297744274,-0.3695230297744274,3,2.388998984824866,0.6110010151751339,18,21,6,2,2.3695230297744274,10.453207712620497,6.824092600494623
160,8780,Joël Veltman,Brighton,28,2281,1,1.2756177727133036,-0.27561777271330357,1,1.8462188187986612,-0.8462188187986612,14,22,3,1,1.2756177727133036,9.022530617192388,6.800674581900239
161,5681,Giovani Lo Celso,Tottenham,18,955,1,1.525260753929615,-0.525260753929615,1,1.196652302518487,-0.19665230251848698,15,15,5,1,1.525260753929615,5.273323446512222,3.312727394513786
162,7701,Moussa Djenepo,Southampton,27,1236,1,0.7927820216864347,0.20721797831356525,0,0.40187256410717964,-0.40187256410717964,14,6,5,1,0.7927820216864347,2.9883768558502197,1.9131247028708458
163,500,Alex Iwobi,Everton,30,1536,1,0.8436320181936026,0.15636798180639744,2,2.155348900705576,-0.15534890070557594,15,16,0,1,0.8436320181936026,7.218916330486536,4.475584605708718
164,985,Mason Holgate,Everton,28,2298,1,1.2981890868395567,-0.2981890868395567,0,0.5711941663175821,-0.5711941663175821,5,8,9,1,1.2981890868395567,3.7908531483262777,3.3489659130573273
165,7063,Bernard,Everton,12,438,1,0.1936356108635664,0.8063643891364336,0,0.5254483036696911,-0.5254483036696911,6,10,2,1,0.1936356108635664,1.282545143738389,0.7026593955233693
166,2163,Diego Llorente,Leeds,15,1208,1,0.9071680032648146,0.09283199673518538,0,0.46123018860816956,-0.46123018860816956,8,4,1,1,0.9071680032648146,3.1332236267626286,2.109321966767311
167,6042,Jan Bednarek,Southampton,36,3111,1,0.46839267015457153,0.5316073298454285,1,1.15994737111032,-0.1599473711103201,10,5,5,1,0.46839267015457153,8.544505370780826,8.489990605041385
168,639,Toby Alderweireld,Tottenham,25,2243,1,0.6138193644583225,0.3861806355416775,0,0.9680300909094512,-0.9680300909094512,10,8,2,1,0.6138193644583225,5.900500617921352,5.857218690216541
169,644,Erik Lamela,Tottenham,23,683,1,1.28941298276186,-0.2894129827618599,0,0.8058319715783,-0.8058319715783,21,8,4,1,1.28941298276186,4.192472445778549,2.828797733411193
170,7395,Carlos Vinicius,Tottenham,9,300,1,1.2549921572208405,-0.25499215722084045,0,0.10279384814202785,-0.10279384814202785,7,2,2,1,1.2549921572208405,1.4212634414434433,0.08671846613287926
171,204,Granit Xhaka,Arsenal,31,2537,1,0.7788538886234164,0.22114611137658358,2,1.4596660807728767,0.5403339192271233,21,17,7,1,0.7788538886234164,13.898659452795982,12.85004018060863
172,8300,Steven Bergwijn,Tottenham,21,1218,1,2.093383353203535,-1.093383353203535,3,0.812587445601821,2.187412554398179,15,13,3,1,2.093383353203535,4.814339090138674,2.446276184171438
173,8020,Steven Alzate,Brighton,15,905,1,0.8340352401137352,0.1659647598862648,0,0.9228015542030334,-0.9228015542030334,7,11,2,1,0.8340352401137352,3.519558561965823,2.386691849678755
174,8226,Tariq Lamptey,Brighton,11,904,1,0.7030039094388485,0.2969960905611515,1,0.8089809715747833,0.19101902842521667,6,10,2,1,0.7030039094388485,4.568889327347279,3.691588267683983
175,7699,Adam Webster,Brighton,29,2596,1,1.2729570996016264,-0.2729570996016264,0,0.2532156016677618,-0.2532156016677618,25,5,4,1,1.2729570996016264,7.724677037447691,7.5824143048375845
176,332,Joel Matip,Liverpool,10,701,1,0.7844753786921501,0.21552462130784988,2,1.1802754700183868,0.8197245299816132,5,3,2,1,0.7844753786921501,4.383128449320793,4.383128449320793
177,229,Thiago Alcántara,Liverpool,24,1865,1,1.2113061929121614,-0.21130619291216135,0,2.554921615868807,-2.554921615868807,22,30,4,1,1.2113061929121614,11.152549425140023,9.468282034620643
178,842,Oriol Romeu,Southampton,21,1777,1,0.44582715816795826,0.5541728418320417,1,1.5368066392838955,-0.5368066392838955,14,14,6,1,0.44582715816795826,6.238045163452625,5.063458070158958
179,1014,Tyler Roberts,Leeds,27,1334,1,1.8854888584464788,-0.8854888584464788,2,2.529150106012821,-0.5291501060128212,26,15,3,1,1.8854888584464788,7.4620350524783134,3.5038931723684072
180,8379,Alexis Mac Allister,Brighton,21,1110,1,1.3531406065449119,-0.35314060654491186,1,1.870868494734168,-0.870868494734168,24,15,1,1,1.3531406065449119,5.655093248933554,3.266662317328155
181,7382,Dan Burn,Brighton,27,2059,1,1.0781700564548373,-0.07817005645483732,0,0.9778604349121451,-0.9778604349121451,17,10,5,1,1.0781700564548373,4.978818271309137,4.17619202286005
182,492,Héctor Bellerín,Arsenal,25,2098,1,0.8602298125624657,0.13977018743753433,2,2.1715124365873635,-0.17151243658736348,15,21,8,1,0.8602298125624657,8.05989222228527,6.266995819285512
183,8481,Jimmy Dunne,Burnley,3,270,1,0.41910675540566444,0.5808932445943356,0,0.10200031474232674,-0.10200031474232674,7,2,1,1,0.41910675540566444,0.10443910025060177,0.043035658076405525
184,1545,Emil Krafth,Newcastle United,16,1297,1,0.15091243758797646,0.8490875624120235,0,0.4345151521265507,-0.4345151521265507,7,6,4,1,0.15091243758797646,3.910903701558709,3.427047375589609
185,875,Ciaran Clark,Newcastle United,22,1895,1,0.6622023619711399,0.3377976380288601,0,0.14438940957188606,-0.14438940957188606,8,2,3,1,0.6622023619711399,2.8629611590877175,2.8629611590877175
186,853,Paul Dummett,Newcastle United,15,1254,1,0.444092333316803,0.555907666683197,0,0.22914489451795816,-0.22914489451795816,3,4,2,1,0.444092333316803,3.159807924181223,2.978621404618025
187,769,Jonjo Shelvey,Newcastle United,30,2617,1,2.452838398516178,-1.4528383985161781,3,2.62552472576499,0.37447527423501015,42,37,7,1,2.452838398516178,9.463527981191874,7.525889337062836
188,743,Dwight Gayle,Newcastle United,18,483,1,2.9297976344823837,-1.9297976344823837,1,0.2755554709583521,0.7244445290416479,16,6,0,1,2.9297976344823837,3.037841819226742,0.5140482373535633
189,537,Andy Carroll,Newcastle United,18,369,1,0.6033168490976095,0.3966831509023905,0,0.06301983259618282,-0.06301983259618282,13,2,1,1,0.6033168490976095,0.9890148416161537,0.542128044180572
190,76,Fabian Schär,Newcastle United,18,1252,1,1.4605768583714962,-0.4605768583714962,0,0.0,0.0,12,0,4,0,0.699408020824194,0.9551226757466793,0.8735608421266079
191,1053,Keinan Davis,Aston Villa,15,240,1,1.2687745057046413,-0.26877450570464134,1,0.684618379920721,0.31538162007927895,9,6,0,1,1.2687745057046413,1.9646082073450089,0.3350833458825946
192,6859,Kortney Hause,Aston Villa,7,630,1,1.3037527613341808,-0.30375276133418083,0,0.0,0.0,5,0,2,1,1.3037527613341808,1.804376021027565,1.804376021027565
193,7721,Conor Hourihane,Aston Villa,4,236,1,0.5679545402526855,0.43204545974731445,1,0.9191879034042358,0.08081209659576416,5,5,0,1,0.5679545402526855,0.6681759208440781,0.19055770710110664
194,9524,Anthony Elanga,Manchester United,2,157,1,0.5518713593482971,0.4481286406517029,0,0.020725570619106293,-0.020725570619106293,2,1,0,1,0.5518713593482971,0.8420460820198059,0.8213205337524414
195,8821,Donny van de Beek,Manchester United,19,486,1,0.29472872521728277,0.7052712747827172,1,1.0433875694870949,-0.04338756948709488,2,3,1,1,0.29472872521728277,3.5466001369059086,2.2084838151931763
196,6817,Fred,Manchester United,30,2404,1,1.733165263198316,-0.7331652631983161,0,2.232571354135871,-2.232571354135871,25,24,5,1,1.733165263198316,13.519705224782228,10.688638936728239
197,1665,James Tarkowski,Burnley,36,3240,1,3.060874850489199,-2.060874850489199,0,0.9441509172320366,-0.9441509172320366,23,12,6,1,3.060874850489199,3.0737191354855895,2.8856525840237737
198,496,Mohamed Elneny,Arsenal,23,1540,1,0.4756157984957099,0.5243842015042901,0,0.2569417227059603,-0.2569417227059603,9,4,3,1,0.4756157984957099,5.1957609839737415,4.6511682495474815
199,6080,Victor Lindelöf,Manchester United,29,2587,1,0.7988894507288933,0.20111054927110672,1,0.4023786187171936,0.5976213812828064,4,6,0,1,0.7988894507288933,9.030322801321745,8.881876270286739
200,1006,Luke Shaw,Manchester United,32,2659,1,0.6931251157075167,0.30687488429248333,5,6.471944944933057,-1.4719449449330568,11,72,8,1,0.6931251157075167,12.844046253710985,10.096231952309608
201,554,Juan Mata,Manchester United,9,518,1,1.0727029107511044,-0.07270291075110435,2,0.722595326602459,1.277404673397541,5,8,0,0,0.3115340732038021,3.0369194112718105,2.187311427667737
202,8816,Liam Cooper,Leeds,25,2189,1,2.094512293115258,-1.0945122931152582,0,0.0,0.0,15,0,4,1,2.094512293115258,7.37991644628346,7.37991644628346
203,8719,Kalvin Phillips,Leeds,29,2435,1,0.3886227561160922,0.6113772438839078,2,3.2330581322312355,-1.2330581322312355,15,35,10,1,0.3886227561160922,8.959227515384555,7.550635194405913
204,8717,Pascal Struijk,Leeds,27,2073,1,2.0286749051883817,-1.0286749051883817,0,0.10804751934483647,-0.10804751934483647,13,4,3,1,2.0286749051883817,6.597725657746196,6.550252264365554
205,486,Adam Lallana,Brighton,30,1572,1,1.614305904135108,-0.614305904135108,1,2.628757566213608,-1.6287575662136078,22,25,0,1,1.614305904135108,9.719970118254423,5.874304872006178
206,5609,Yves Bissouma,Brighton,36,3121,1,1.0768232205882668,-0.07682322058826685,0,1.081232475116849,-1.081232475116849,42,16,8,1,1.0768232205882668,9.739854503422976,8.210506806150079
207,605,Jordan Henderson,Liverpool,21,1710,1,1.1357975732535124,-0.13579757325351238,1,1.483708567917347,-0.48370856791734695,14,14,0,1,1.1357975732535124,11.4943608045578,10.461347930133343
208,8089,Kieran Tierney,Arsenal,27,2305,1,0.386676630936563,0.613323369063437,3,3.823889254592359,-0.8238892545923591,15,31,4,1,0.386676630936563,8.635928904637694,5.608391160145402
209,2517,Martin Odegaard,Arsenal,14,865,1,0.6187397725880146,0.3812602274119854,2,1.9558853544294834,0.044114645570516586,15,19,0,1,0.6187397725880146,5.297232277691364,4.070700854063034
210,1676,David Luiz,Arsenal,20,1410,1,0.6695670261979103,0.3304329738020897,0,0.524025484919548,-0.524025484919548,15,2,1,1,0.6695670261979103,4.749538991600275,4.629008281975985
211,700,Willian,Arsenal,25,1413,1,1.8349476363509893,-0.8349476363509893,5,3.591709714382887,1.4082902856171131,20,32,0,1,1.8349476363509893,7.110169101506472,3.8155747279524803
212,8456,Nathan Tella,Southampton,18,734,1,1.9882374852895737,-0.9882374852895737,1,1.0909010618925095,-0.09090106189250946,17,6,2,1,1.9882374852895737,2.907418869435787,0.48396934010088444
213,966,Alex Oxlade-Chamberlain,Liverpool,13,238,1,0.3006509616971016,0.6993490383028984,1,0.30177750438451767,0.6982224956154823,8,2,0,1,0.3006509616971016,0.9986630138009787,0.7666849214583635
214,1822,Antonio Rüdiger,Chelsea,19,1710,1,1.1399364518001676,-0.13993645180016756,0,0.3058073613792658,-0.3058073613792658,14,4,0,1,1.1399364518001676,9.137650460004807,9.044836282730103
215,6665,Curtis Jones,Liverpool,24,1174,1,1.758892709389329,-0.758892709389329,2,1.5211435090750456,0.4788564909249544,19,12,2,1,1.758892709389329,7.742866411805153,5.182874273508787
216,8239,Takumi Minamino,Liverpool,9,276,1,1.2654809188097715,-0.26548091880977154,0,0.0,0.0,7,0,0,1,1.2654809188097715,1.8692054376006126,0.6259781960397959
217,8067,Reece James,Chelsea,32,2355,1,1.5345969907939434,-0.5345969907939434,2,3.6499749002978206,-1.6499749002978206,35,42,3,1,1.5345969907939434,11.71862213127315,9.588866364210844
218,6674,Rayan Ait Nouri,Wolverhampton Wanderers,21,1414,1,0.5121664954349399,0.48783350456506014,1,0.7904387172311544,0.20956128276884556,16,14,1,1,0.5121664954349399,2.7287227287888527,2.285053768195212
219,681,César Azpilicueta,Chelsea,26,2189,1,0.5030050054192543,0.4969949945807457,2,2.5754943350329995,-0.5754943350329995,11,27,5,1,0.5030050054192543,13.989242531359196,12.338820736855268
220,753,Marc Albrighton,Leicester,31,1731,1,1.2467308714985847,-0.24673087149858475,5,4.0363764539361,0.9636235460639,21,38,2,1,1.2467308714985847,8.017677169293165,5.142710544168949
221,759,Daniel Amartey,Leicester,12,714,1,0.5421722754836082,0.45782772451639175,0,0.0,0.0,3,0,2,1,0.5421722754836082,2.5317332670092583,2.4568762108683586
222,1234,Dennis Praet,Leicester,15,730,1,0.4389684200286865,0.5610315799713135,1,1.215856321156025,-0.21585632115602493,8,7,0,1,0.4389684200286865,2.111918879672885,1.291694002225995
223,5264,Caglar Söyüncü,Leicester,23,1802,1,0.5392082296311855,0.46079177036881447,0,0.3269749563187361,-0.3269749563187361,10,7,2,1,0.5392082296311855,7.390434857457876,7.36866756901145
224,5545,Wilfred Ndidi,Leicester,26,2181,1,0.5960319405421615,0.40396805945783854,4,1.3334983801469207,2.6665016198530793,16,16,6,1,0.5960319405421615,10.23005054332316,8.72567112930119
225,8562,Luke Thomas,Leicester,14,982,1,0.27020210959017277,0.7297978904098272,0,0.9476513303816319,-0.9476513303816319,7,7,2,1,0.27020210959017277,2.1523539647459984,1.7291602585464716
226,1652,Matthew Lowton,Burnley,34,3060,1,0.759485324844718,0.24051467515528202,1,2.772255450487137,-1.7722554504871368,21,26,5,1,0.759485324844718,6.366658769547939,3.5794426361098886
227,844,Jay Rodriguez,Burnley,31,1237,1,2.977033233270049,-1.977033233270049,2,1.2109192460775375,0.7890807539224625,31,6,3,1,2.977033233270049,4.231583966873586,0.9134316276758909
228,789,Robbie Brady,Burnley,19,1061,1,0.7830975204706192,0.2169024795293808,1,0.908582329750061,0.09141767024993896,16,7,3,1,0.7830975204706192,2.6775898784399033,1.5309140160679817
229,4391,Darnell Furlong,West Bromwich Albion,35,2926,1,1.9333324702456594,-0.9333324702456594,3,2.4630055148154497,0.5369944851845503,26,17,5,1,1.9333324702456594,6.1354728154838085,3.3740223851054907
230,6651,Grady Diangana,West Bromwich Albion,20,1249,1,1.0978213790804148,-0.09782137908041477,0,0.16204885952174664,-0.16204885952174664,14,5,0,1,1.0978213790804148,1.6292712818831205,0.6211172696202993
231,7390,Karlan Grant,West Bromwich Albion,21,1140,1,1.6942405216395855,-0.6942405216395855,0,0.14918647333979607,-0.14918647333979607,16,2,1,1,1.6942405216395855,1.810006550513208,0.5052706673741341
232,7236,Leander Dendoncker,Wolverhampton Wanderers,33,2500,1,3.381598680280149,-2.381598680280149,0,0.581333028152585,-0.581333028152585,31,17,4,1,3.381598680280149,8.177480114623904,5.363243671134114
233,6857,Morgan Gibbs-White,Wolverhampton Wanderers,11,395,1,0.8142988905310631,0.18570110946893692,0,0.40694379061460495,-0.40694379061460495,10,8,1,1,0.8142988905310631,1.7168077994138002,0.8314622566103935
234,6851,Conor Coady,Wolverhampton Wanderers,37,3305,1,1.445029648952186,-0.4450296489521861,0,0.19623830169439316,-0.19623830169439316,7,3,5,1,1.445029648952186,5.043202904053032,4.87485118303448
235,8214,Tyrick Mitchell,Crystal Palace,19,1710,1,1.0755382552742958,-0.0755382552742958,1,0.23087922483682632,0.7691207751631737,2,3,1,1,1.0755382552742958,4.470536682754755,3.2567375004291534
236,5735,Jean-Philippe Mateta,Crystal Palace,7,213,1,0.32543088495731354,0.6745691150426865,0,0.016295328736305237,-0.016295328736305237,4,1,0,1,0.32543088495731354,0.3973565027117729,0.13605083525180817
237,5549,Luka Milivojevic,Crystal Palace,31,2374,1,2.213461100589484,-1.213461100589484,1,1.7734643053263426,-0.7734643053263426,19,21,8,0,0.6911234031431377,6.367301893886179,5.705257058143616
238,775,Andros Townsend,Crystal Palace,34,2255,1,2.4719981215894222,-1.4719981215894222,5,4.146493591368198,0.8535064086318016,36,40,0,1,2.4719981215894222,7.262479238212109,3.630241647362709
239,699,Gary Cahill,Crystal Palace,20,1800,1,0.7365136835724115,0.26348631642758846,1,0.6217411160469055,0.3782588839530945,11,8,3,1,0.7365136835724115,2.2731893714517355,2.0231166798621416
240,672,Jordan Ayew,Crystal Palace,33,2097,1,2.5819826889783144,-1.5819826889783144,3,0.8223461555317044,2.1776538444682956,26,13,4,1,2.5819826889783144,5.268271958455443,2.6505742156878114
241,532,Cheikhou Kouyaté,Crystal Palace,36,3126,1,0.823928102850914,0.176071897149086,0,0.8307871054857969,-0.8307871054857969,7,8,4,1,0.823928102850914,4.744332442060113,4.530508512631059
242,512,Scott Dann,Crystal Palace,15,1350,1,0.5482887476682663,0.4517112523317337,0,0.01761283539235592,-0.01761283539235592,4,1,1,1,0.5482887476682663,1.185210364870727,1.167597527615726
243,8228,Nathaniel Phillips,Liverpool,17,1451,1,1.0277088694274426,-0.02770886942744255,1,0.9165567811578512,0.08344321884214878,15,7,2,1,1.0277088694274426,4.325661117210984,4.15606533922255
244,9501,Fabio Carvalho,Fulham,4,255,1,0.9974314272403717,0.002568572759628296,0,0.5002098381519318,-0.5002098381519318,9,2,0,1,0.9974314272403717,1.4961068630218506,0.28626886010169983
245,535,Manuel Lanzini,West Ham,17,548,1,0.9710567491129041,0.028943250887095928,1,1.0017921943217516,-0.0017921943217515945,12,11,1,1,0.9710567491129041,3.232661292888224,1.5795049192383885
246,3422,João Moutinho,Wolverhampton Wanderers,33,2546,1,0.5027754157781601,0.4972245842218399,1,1.6768401395529509,-0.6768401395529509,14,46,3,1,0.5027754157781601,7.028498139232397,6.230230144225061
247,833,Virgil van Dijk,Liverpool,5,370,1,0.5533826053142548,0.44661739468574524,0,0.0,0.0,4,0,1,1,0.5533826053142548,1.409594252705574,1.2884346395730972
248,1257,Alisson,Liverpool,33,2970,1,0.1076817587018013,0.8923182412981987,0,0.0,0.0,1,0,1,1,0.1076817587018013,3.5593252051621675,3.5593252051621675
249,1688,Andrew Robertson,Liverpool,38,3391,1,1.4379336573183537,-0.43793365731835365,7,7.220491709187627,-0.22049170918762684,19,65,2,1,1.4379336573183537,19.869481820613146,15.435008822008967
250,2361,Willian José,Wolverhampton Wanderers,17,1123,1,1.429273258894682,-0.42927325889468193,0,1.2711053034290671,-1.2711053034290671,19,12,0,1,1.429273258894682,2.071214944124222,0.7192589566111565
251,8961,Rúben Dias,Manchester City,32,2848,1,1.9530213214457035,-0.9530213214457035,0,0.10559610091149807,-0.10559610091149807,14,3,4,1,1.9530213214457035,16.681801237165928,16.560106702148914
252,638,Kyle Walker,Manchester City,24,1944,1,0.20440490636974573,0.7955950936302543,1,0.4997862335294485,0.5002137664705515,10,8,1,1,0.20440490636974573,10.604217860847712,10.206446424126625
253,6892,Fabián Balbuena,West Ham,14,1197,1,1.0978245548903942,-0.09782455489039421,0,0.0,0.0,8,0,1,1,1.0978245548903942,2.218800287693739,1.9963053427636623
254,6891,Ryan Fredericks,West Ham,14,563,1,0.21433745697140694,0.7856625430285931,1,1.298734912648797,-0.29873491264879704,4,12,2,1,0.21433745697140694,1.0619316771626472,0.30801658518612385
255,6424,Ben Johnson,West Ham,14,506,1,0.48440982960164547,0.5155901703983545,0,0.385865556076169,-0.385865556076169,3,4,1,1,0.48440982960164547,1.4439898766577244,0.66788793168962
256,3585,Said Benrahma,West Ham,30,1381,1,2.455937602557242,-1.455937602557242,6,5.114555899985135,0.8854441000148654,35,27,0,1,2.455937602557242,10.364179045893252,3.7795806247740984
257,6835,Tom Cairney,Fulham,10,762,1,0.583964585326612,0.416035414673388,1,0.9888524450361729,0.011147554963827133,12,17,2,1,0.583964585326612,3.3855622112751007,2.849907038733363
258,6850,Willy Boly,Wolverhampton Wanderers,21,1880,1,1.1301858117803931,-0.13018581178039312,1,0.5512954220175743,0.4487045779824257,15,3,2,1,1.1301858117803931,2.8382370322942734,2.6631663888692856
259,6163,Nélson Semedo,Wolverhampton Wanderers,34,2994,1,1.3097368124872446,-0.3097368124872446,1,0.9027991937473416,0.09720080625265837,23,20,5,1,1.3097368124872446,7.686349012888968,6.1962723126634955
260,1736,Oliver McBurnie,Sheffield United,23,1306,1,3.5529933124780655,-2.5529933124780655,0,1.0542655810713768,-1.0542655810713768,30,15,2,1,3.5529933124780655,6.1072307620197535,2.601921772584319
261,6834,Joe Bryan,Fulham,16,658,1,0.5813565868884325,0.4186434131115675,0,0.2726944023743272,-0.2726944023743272,8,5,2,1,0.5813565868884325,1.8991845548152924,1.300659827888012
262,6314,Joachim Andersen,Fulham,31,2732,1,1.3567862249910831,-0.35678622499108315,1,0.4516803417354822,0.5483196582645178,13,8,7,1,1.3567862249910831,6.673858028836548,6.547641624696553
263,1299,Mario Lemina,Fulham,28,1706,1,1.2436577659100294,-0.2436577659100294,0,1.1261268053203821,-1.1261268053203821,19,12,5,1,1.2436577659100294,4.953155102208257,3.2949586659669876
264,579,Nathan Aké,Manchester City,10,802,1,0.505318071693182,0.494681928306818,0,0.017229333519935608,-0.017229333519935608,3,1,4,1,0.505318071693182,4.211258716881275,4.19402938336134
265,688,Ruben Loftus-Cheek,Fulham,30,1923,1,3.3300087321549654,-2.3300087321549654,0,1.2445779331028461,-1.2445779331028461,35,17,3,1,3.3300087321549654,7.595000620931387,3.727424267679453
266,5256,Oliver Burke,Sheffield United,25,1272,1,2.6037612967193127,-1.6037612967193127,1,2.620451843366027,-1.6204518433660269,25,15,2,1,2.6037612967193127,6.119541306048632,1.053120244294405
267,7714,Ben Osborn,Sheffield United,24,1607,1,1.0907260961830616,-0.0907260961830616,0,2.5220147650688887,-2.5220147650688887,10,17,1,1,1.0907260961830616,6.371751211583614,4.422309448942542
268,8285,Sander Berge,Sheffield United,15,1116,1,1.216416584327817,-0.21641658432781696,1,1.7773305177688599,-0.7773305177688599,10,14,4,0,0.4552477616816759,3.9067584052681923,3.0664280876517296
269,9163,Kean Bryan,Sheffield United,13,1012,1,0.5354916416108608,0.4645083583891392,0,0.8194743879139423,-0.8194743879139423,3,4,1,1,0.5354916416108608,1.4283712692558765,1.385759647935629
270,9509,Daniel Jebbison,Sheffield United,4,286,1,1.4839936792850494,-0.48399367928504944,0,0.023563019931316376,-0.023563019931316376,4,1,0,1,1.4839936792850494,1.9016592036932707,0.39410249702632427
271,9558,Hannibal Mejbri,Manchester United,1,3,0,0.0,0.0,0,0.0,0.0,0,0,0,0,0.0,0.0,0.0
272,712,Jack Cork,Burnley,16,1355,0,0.197326747700572,-0.197326747700572,0,0.33052679151296616,-0.33052679151296616,5,8,2,0,0.197326747700572,2.8145480062812567,2.4986591823399067
273,857,Phil Bardsley,Burnley,4,272,0,0.06341451406478882,-0.06341451406478882,0,0.0,0.0,3,0,2,0,0.06341451406478882,0.1266939826309681,0.10160527005791664
274,887,Erik Pieters,Burnley,20,1259,0,0.15116792730987072,-0.15116792730987072,1,0.3636159598827362,0.6363840401172638,4,5,1,0,0.15116792730987072,1.9328867439180613,1.552714355289936
275,5552,Nick Pope,Burnley,32,2880,0,0.0,0.0,0,0.08605048805475235,-0.08605048805475235,0,2,1,0,0.0,1.1779351308941841,1.0918846428394318
276,8075,Brandon Williams,Manchester United,4,185,0,0.2694491744041443,-0.2694491744041443,0,0.031206071376800537,-0.031206071376800537,1,1,0,0,0.2694491744041443,1.0782470107078552,0.8087978959083557
277,7702,Dean Henderson,Manchester United,13,1122,0,0.0,0.0,0,0.0,0.0,0,0,3,0,0.0,1.2811798937618732,1.2811798937618732
278,697,Nemanja Matic,Manchester United,20,1099,0,0.1647858265787363,-0.1647858265787363,0,0.893835068680346,-0.893835068680346,6,8,2,0,0.1647858265787363,6.133360542356968,5.510585548356175
279,934,Axel Tuanzebe,Manchester United,9,401,0,0.0,0.0,0,0.0,0.0,0,0,2,0,0.0,1.078361839056015,1.078361839056015
280,9359,Shola Shoretire,Manchester United,2,4,0,0.0,0.0,0,0.0,0.0,0,0,0,0,0.0,0.0,0.0
281,8127,Amad Diallo Traore,Manchester United,3,172,0,0.035897817462682724,-0.035897817462682724,1,0.42318102717399597,0.576818972826004,1,2,0,0,0.035897817462682724,0.8719339668750763,0.4128551185131073
282,9557,William Fish,Manchester United,1,1,0,0.0,0.0,0,0.0,0.0,0,0,0,0,0.0,0.0,0.0
283,1739,Eric Bailly,Manchester United,12,916,0,0.08082257583737373,-0.08082257583737373,0,0.0,0.0,2,0,3,0,0.08082257583737373,1.7967814281582832,1.7967814281582832
284,1828,Alex Telles,Manchester United,9,696,0,0.14523464627563953,-0.14523464627563953,2,0.7849509567022324,1.2150490432977676,5,12,0,0,0.14523464627563953,3.6260684728622437,3.524720549583435
285,1747,Kevin Long,Burnley,8,635,0,0.6100033670663834,-0.6100033670663834,0,0.017368044704198837,-0.017368044704198837,2,1,2,0,0.6100033670663834,0.502235908061266,0.502235908061266
286,661,Josh Onomah,Fulham,11,368,0,0.5561960740014911,-0.5561960740014911,0,0.032975926995277405,-0.032975926995277405,6,1,1,0,0.5561960740014911,1.3664658088237047,0.8782037142664194
287,6044,Charlie Taylor,Burnley,29,2430,0,0.11451608128845692,-0.11451608128845692,1,1.5903598442673683,-0.5903598442673683,3,12,1,0,0.11451608128845692,4.609695740044117,4.19346784055233
288,587,Phil Jagielka,Sheffield United,10,526,0,0.0,0.0,0,0.0,0.0,0,0,1,0,0.0,0.9072464257478714,0.9072464257478714
289,7705,Jack O&#039;Connell,Sheffield United,2,180,0,0.0,0.0,0,0.0,0.0,0,0,0,0,0.0,0.0,0.0
290,7704,Chris Basham,Sheffield United,31,2602,0,0.6195667274296284,-0.6195667274296284,1,1.066536583006382,-0.06653658300638199,10,12,5,0,0.6195667274296284,7.368293838575482,6.053649365901947
291,7703,John Egan,Sheffield United,31,2628,0,0.4912481810897589,-0.4912481810897589,1,0.6186049580574036,0.38139504194259644,14,3,7,0,0.4912481810897589,4.387040738016367,3.74502813257277
292,6369,Ethan Ampadu,Sheffield United,25,2095,0,0.19445300102233887,-0.19445300102233887,0,0.9830160085111856,-0.9830160085111856,7,11,3,0,0.19445300102233887,3.26227830350399,2.9991700667887926
293,5603,Aaron Ramsdale,Sheffield United,38,3420,0,0.0,0.0,0,0.07767162658274174,-0.07767162658274174,0,2,1,0,0.0,2.899687459692359,2.822015842422843
294,5569,Rhian Brewster,Sheffield United,27,1102,0,1.9326180210337043,-1.9326180210337043,0,1.7666287925094366,-1.7666287925094366,25,11,1,0,1.9326180210337043,3.9892929838970304,0.7244091304019094
295,1748,Lys Mousset,Sheffield United,11,284,0,0.8426320925354958,-0.8426320925354958,0,0.43718888610601425,-0.43718888610601425,4,3,0,0,0.8426320925354958,1.540307693183422,0.26048676669597626
296,9209,Theo Corbeanu,Wolverhampton Wanderers,1,7,0,0.0,0.0,0,0.023469822481274605,-0.023469822481274605,0,1,0,0,0.0,0.023469822481274605,0.0
297,6051,Dale Stephens,Burnley,7,258,0,0.08226923830807209,-0.08226923830807209,0,0.0,0.0,3,0,1,0,0.08226923830807209,0.24124889820814133,0.1589796580374241
298,8777,Vitinha,Wolverhampton Wanderers,19,500,0,0.6649113791063428,-0.6649113791063428,1,0.7201349353417754,0.2798650646582246,8,12,0,0,0.6649113791063428,1.9456948544830084,1.4773436542600393
299,8351,Ki-Jana Hoever,Wolverhampton Wanderers,12,568,0,0.057456035166978836,-0.057456035166978836,0,0.18425296619534492,-0.18425296619534492,1,3,1,0,0.057456035166978836,1.2225440330803394,1.020937990397215
300,8227,Oskar Buur,Wolverhampton Wanderers,1,20,0,0.0,0.0,0,0.0,0.0,0,0,0,0,0.0,0.0,0.0
301,8180,Owen Otasowie,Wolverhampton Wanderers,6,186,0,0.745342324487865,-0.745342324487865,1,0.38876858353614807,0.6112314164638519,4,2,1,0,0.745342324487865,1.38275361713022,0.30153314489871264
302,7332,Max Kilman,Wolverhampton Wanderers,18,1291,0,0.30801636539399624,-0.30801636539399624,1,0.31305786967277527,0.6869421303272247,6,5,4,0,0.30801636539399624,2.029524303972721,1.8352278247475624
303,6856,Rúben Vinagre,Wolverhampton Wanderers,2,173,0,0.0,0.0,0,0.0,0.0,0,0,0,0,0.0,0.17874661833047867,0.17874661833047867
304,6849,Rui Patrício,Wolverhampton Wanderers,37,3330,0,0.0,0.0,0,0.0,0.0,0,0,1,0,0.0,1.2272866610437632,1.2272866610437632
305,7706,George Baldock,Sheffield United,32,2787,0,1.3314112480729818,-1.3314112480729818,2,2.632589429616928,-0.6325894296169281,14,18,7,0,1.3314112480729818,6.6181700471788645,4.469508331269026
306,7707,Enda Stevens,Sheffield United,30,2700,0,1.4472226575016975,-1.4472226575016975,1,1.6097385678440332,-0.6097385678440332,16,17,6,0,1.4472226575016975,8.229206578806043,6.430095486342907
307,7708,John Lundstram,Sheffield United,28,2034,0,1.8757738769054413,-1.8757738769054413,2,1.4599024429917336,0.5400975570082664,20,20,8,0,1.114605039358139,7.169211085885763,5.258822595700622
308,7709,John Fleck,Sheffield United,31,2576,0,0.5031575364992023,-0.5031575364992023,2,2.3917014515027404,-0.3917014515027404,17,33,4,0,0.5031575364992023,6.435383677482605,4.761176446452737
309,9219,Niall Huggins,Leeds,1,35,0,0.0,0.0,0,0.0,0.0,0,0,0,0,0.0,0.42923617362976074,0.42923617362976074
310,8919,Leif Davis,Leeds,2,28,0,0.0,0.0,0,0.0,0.0,0,0,0,0,0.0,0.2329990118741989,0.2329990118741989
311,8723,Ian Poveda-Ocampo,Leeds,14,322,0,0.6604137122631073,-0.6604137122631073,0,1.2583120367489755,-1.2583120367489755,5,5,0,0,0.6604137122631073,2.0228553167544305,0.10412959195673466
312,8721,Jamie Shackleton,Leeds,13,446,0,0.0,0.0,0,0.12087768502533436,-0.12087768502533436,0,2,0,0,0.0,2.1937082447111607,2.1937082447111607
313,8716,Luke Ayling,Leeds,38,3400,0,1.4397504469379783,-1.4397504469379783,0,2.9888541754335165,-2.9888541754335165,24,26,7,0,1.4397504469379783,14.196261551231146,11.884364245925099
314,8715,Illan Meslier,Leeds,35,3150,0,0.0,0.0,0,0.042197324335575104,-0.042197324335575104,0,1,0,0,0.0,5.9292939798906446,5.88709666300565
315,6273,Robin Koch,Leeds,17,1124,0,0.5145197957754135,-0.5145197957754135,0,0.12580820359289646,-0.12580820359289646,9,4,1,0,0.5145197957754135,4.6775881461799145,4.5231566950678825
316,2259,Kiko Casilla,Leeds,3,270,0,0.0,0.0,0,0.0,0.0,0,0,0,0,0.0,0.2695687487721443,0.2695687487721443
317,2164,Pablo Hernández,Leeds,16,403,0,1.4201896078884602,-1.4201896078884602,2,0.8602723628282547,1.1397276371717453,15,6,1,0,1.4201896078884602,4.210413835477084,2.021953027229756
318,9540,Femi Seriki,Sheffield United,1,1,0,0.0,0.0,0,0.0,0.0,0,0,0,0,0.0,0.0,0.0
319,9307,Iliman Ndiaye,Sheffield United,1,10,0,0.0,0.0,0,0.0,0.0,0,0,0,0,0.0,0.0,0.0
320,9222,Antwoine Hackford,Sheffield United,1,4,0,0.1034446656703949,-0.1034446656703949,0,0.0,0.0,1,0,0,0,0.1034446656703949,0.11183098703622818,0.008386322297155857
321,8918,Max Lowe,Sheffield United,8,554,0,0.08675811626017094,-0.08675811626017094,0,0.18749843537807465,-0.18749843537807465,2,2,1,0,0.08675811626017094,1.304746650159359,1.0304901078343391
322,8286,Jack Robinson,Sheffield United,11,879,0,0.6963971685618162,-0.6963971685618162,1,0.6712545156478882,0.3287454843521118,6,1,3,0,0.6963971685618162,1.9710005428642035,1.9456607177853584
323,7710,Oliver Norwood,Sheffield United,32,2239,0,0.4300555307418108,-0.4300555307418108,0,1.26629189401865,-1.26629189401865,11,32,6,0,0.4300555307418108,5.095911327749491,4.403652200475335
324,5708,Fernando Marçal,Wolverhampton Wanderers,13,611,0,0.07455454580485821,-0.07455454580485821,0,0.13980726152658463,-0.13980726152658463,2,4,2,0,0.07455454580485821,2.07963196747005,1.9003016464412212
325,4918,Patrick Cutrone,Wolverhampton Wanderers,2,21,0,0.07145750522613525,-0.07145750522613525,0,0.0,0.0,1,0,0,0,0.07145750522613525,0.07145750522613525,0.0
326,2280,Jonny,Wolverhampton Wanderers,7,505,0,0.05170465260744095,-0.05170465260744095,0,0.050900813192129135,-0.050900813192129135,1,2,0,0,0.05170465260744095,0.333493878133595,0.23088842164725065
327,9250,Reda Khadra,Brighton,1,3,0,0.0,0.0,0,0.0,0.0,0,0,0,0,0.0,0.0,0.0
328,9099,Andi Zeqiri,Brighton,9,138,0,1.0259475894272327,-1.0259475894272327,0,0.11249309778213501,-0.11249309778213501,7,1,0,0,1.0259475894272327,0.8297773823142052,0.485275536775589
329,9098,Robert Sánchez,Brighton,27,2430,0,0.0,0.0,0,0.025614948943257332,-0.025614948943257332,0,1,2,0,0.0,3.148130476474762,3.12251552939415
330,7298,Ben White,Brighton,36,3208,0,0.47921818122267723,-0.47921818122267723,0,0.9432324087247252,-0.9432324087247252,10,8,3,0,0.47921818122267723,8.348605416715145,7.907715395092964
331,6842,Alireza Jahanbakhsh,Brighton,21,512,0,1.8732194174081087,-1.8732194174081087,1,3.2342965975403786,-2.2342965975403786,18,10,3,0,1.8732194174081087,5.389569176360965,2.52194894105196
332,6350,Jayson Molumby,Brighton,1,1,0,0.0,0.0,0,0.0,0.0,0,0,0,0,0.0,0.0,0.0
333,6231,José Izquierdo,Brighton,1,7,0,0.01680678315460682,-0.01680678315460682,0,0.0,0.0,1,0,0,0,0.01680678315460682,0.06661348789930344,0.04980670288205147
334,6050,Davy Pröpper,Brighton,7,201,0,0.13856251817196608,-0.13856251817196608,0,0.0,0.0,4,0,0,0,0.13856251817196608,0.26994941383600235,0.19422807544469833
335,5245,Bernardo,Brighton,3,201,0,0.31766778230667114,-0.31766778230667114,0,0.17365065217018127,-0.17365065217018127,4,2,0,0,0.31766778230667114,0.27330002188682556,0.09216472506523132
336,2385,Mat Ryan,Brighton,11,990,0,0.0,0.0,0,0.0,0.0,0,0,1,0,0.0,1.2280147336423397,1.2280147336423397
337,9082,Lewis Richardson,Burnley,2,2,0,0.0,0.0,0,0.0,0.0,0,0,0,0,0.0,0.0,0.0
338,8566,Joel Mumbongo,Burnley,4,33,0,0.0,0.0,0,0.0,0.0,0,0,1,0,0.0,0.0,0.0
339,8482,Bailey Peacock-Farrell,Burnley,4,360,0,0.0,0.0,0,0.0,0.0,0,0,0,0,0.0,0.007730923593044281,0.007730923593044281
340,8323,Josh Brownhill,Burnley,33,2818,0,1.518221689388156,-1.518221689388156,1,0.8824939671903849,0.11750603280961514,34,19,2,0,1.518221689388156,5.99607403203845,4.790278086438775
341,7459,Will Norris,Burnley,2,180,0,0.0,0.0,0,0.0476219616830349,-0.0476219616830349,0,1,0,0,0.0,0.09335120767354965,0.045729245990514755
342,7383,Josh Benson,Burnley,6,257,0,0.20441411435604095,-0.20441411435604095,0,0.0,0.0,2,0,0,0,0.20441411435604095,0.15730134770274162,0.13246959820389748
343,9249,Percy Tau,Brighton,3,100,0,0.0,0.0,1,0.36736540123820305,0.632634598761797,0,3,0,0,0.0,0.44251905381679535,0.08582673128694296
344,9284,Jakub Moder,Brighton,12,643,0,0.9168107472360134,-0.9168107472360134,0,0.205124169588089,-0.205124169588089,13,3,0,0,0.9168107472360134,1.8570123128592968,1.1862611919641495
345,785,John Ruddy,Wolverhampton Wanderers,2,91,0,0.0,0.0,0,0.0,0.0,0,0,0,0,0.0,0.0,0.0
346,549,Timothy Fosu-Mensah,Manchester United,1,85,0,0.015449298545718193,-0.015449298545718193,0,0.30515241622924805,-0.30515241622924805,1,2,1,0,0.015449298545718193,0.4019051194190979,0.3608218729496002
347,9552,Tyrese Francois,Fulham,1,13,0,0.0,0.0,0,0.0,0.0,0,0,0,0,0.0,0.0,0.0
348,8940,Antonee Robinson,Fulham,28,2158,0,0.46774907410144806,-0.46774907410144806,0,2.032745026051998,-2.032745026051998,10,29,4,0,0.46774907410144806,7.802951233461499,6.3960442235693336
349,8704,Marek Rodák,Fulham,2,180,0,0.0,0.0,0,0.0,0.0,0,0,0,0,0.0,0.020527511835098267,0.020527511835098267
350,7184,Tim Ream,Fulham,7,630,0,0.0,0.0,0,0.0,0.0,0,0,0,0,0.0,0.8088049665093422,0.8088049665093422
351,7077,Denis Odoi,Fulham,3,270,0,0.04002567008137703,-0.04002567008137703,0,0.050192393362522125,-0.050192393362522125,2,1,1,0,0.04002567008137703,0.4257061406970024,0.3856804743409157
352,6840,Neeskens Kebano,Fulham,5,112,0,0.2724298546090722,-0.2724298546090722,0,0.0,0.0,6,0,0,0,0.2724298546090722,0.24167165253311396,0.020527511835098267
353,6434,Franck Zambo,Fulham,36,2582,0,1.4385464852675796,-1.4385464852675796,3,2.301115034148097,0.698884965851903,34,28,6,0,1.4385464852675796,8.766743932850659,6.624086673371494
354,6067,Terence Kongolo,Fulham,1,90,0,0.0,0.0,0,0.0,0.0,0,0,0,0,0.0,0.37357693910598755,0.37357693910598755
355,5973,Kenny Tete,Fulham,22,1483,0,0.21112635172903538,-0.21112635172903538,1,0.9065484516322613,0.09345154836773872,7,19,3,0,0.21112635172903538,3.7439207769930363,2.755570685490966
356,5590,Tosin Adarabioyo,Fulham,33,2955,0,1.5607313411310315,-1.5607313411310315,0,0.30873026326298714,-0.30873026326298714,18,5,1,0,1.5607313411310315,5.666259252466261,5.6079717660322785
357,5274,Michael Hector,Fulham,4,266,0,0.08639734238386154,-0.08639734238386154,0,0.019498158246278763,-0.019498158246278763,1,1,2,0,0.08639734238386154,0.4653734043240547,0.44587526470422745
358,4866,Aboubakar Kamara,Fulham,11,303,0,0.6549202371388674,-0.6549202371388674,0,0.32896897941827774,-0.32896897941827774,4,6,1,0,0.6549202371388674,1.1032148711383343,0.1823261920362711
359,3304,Maxime Le Marchand,Fulham,2,118,0,0.009506329894065857,-0.009506329894065857,0,0.0,0.0,1,0,2,0,0.009506329894065857,0.24691654741764069,0.24691654741764069
360,2310,Alphonse Areola,Fulham,36,3240,0,0.0,0.0,0,0.0,0.0,0,0,2,0,0.0,3.555330414324999,3.555330414324999
361,910,Harrison Reed,Fulham,31,2254,0,0.2909777192398906,-0.2909777192398906,2,1.6945231407880783,0.3054768592119217,13,21,5,0,0.2909777192398906,7.142017270438373,6.308452454395592
362,573,Odion Ighalo,Manchester United,1,5,0,0.0,0.0,0,0.0,0.0,0,0,0,0,0.0,0.0,0.0
363,8380,Pablo Marí,Arsenal,10,900,0,0.0405227430164814,-0.0405227430164814,0,0.05424394831061363,-0.05424394831061363,2,1,2,0,0.0405227430164814,3.6049745827913284,3.590738072991371
364,546,David de Gea,Manchester United,26,2298,0,0.0,0.0,0,0.0,0.0,0,0,0,0,0.0,2.113249460235238,2.113249460235238
365,762,Demarai Gray,Leicester,1,17,0,0.05797205865383148,-0.05797205865383148,0,0.0,0.0,1,0,0,0,0.05797205865383148,0.02703343704342842,0.02703343704342842
366,9395,Sidnei Tavares,Leicester,2,84,0,0.02079845406115055,-0.02079845406115055,0,0.0,0.0,1,0,0,0,0.02079845406115055,0.02079845406115055,0.0
367,9311,Thakgalo Leshabela,Leicester,1,8,0,0.0,0.0,0,0.0,0.0,0,0,0,0,0.0,1.0024657249450684,1.0024657249450684
368,7589,Wesley Fofana,Leicester,28,2274,0,1.3763294033706188,-1.3763294033706188,0,0.28285554237663746,-0.28285554237663746,11,6,7,0,1.3763294033706188,7.294468946754932,7.199470266699791
369,6418,Hamza Choudhury,Leicester,10,312,0,0.44779783114790916,-0.44779783114790916,0,0.0,0.0,4,0,1,0,0.44779783114790916,2.327858991920948,1.9456675946712494
370,6162,Cengiz Ünder,Leicester,9,259,0,0.2526032058522105,-0.2526032058522105,2,1.664034228771925,0.335965771228075,9,6,0,0,0.2526032058522105,2.688693110831082,1.0227039009332657
371,3303,Ricardo Pereira,Leicester,15,954,0,0.36339378356933594,-0.36339378356933594,1,0.7606745809316635,0.2393254190683365,7,10,3,0,0.36339378356933594,4.405820306390524,3.7367757447063923
372,1785,Nampalys Mendy,Leicester,23,1463,0,0.07761354930698872,-0.07761354930698872,1,0.18315523862838745,0.8168447613716125,4,5,5,0,0.07761354930698872,3.4879585560411215,3.3244198374450207
373,1682,Islam Slimani,Leicester,1,17,0,0.10036919265985489,-0.10036919265985489,0,0.07683446258306503,-0.07683446258306503,1,1,0,0,0.10036919265985489,0.17720365524291992,0.0
374,749,Christian Fuchs,Leicester,9,703,0,0.07373147457838058,-0.07373147457838058,0,0.013015583157539368,-0.013015583157539368,4,1,4,0,0.07373147457838058,2.723851103335619,2.66554918885231
375,8868,Liam Delap,Manchester City,1,39,0,0.06408517062664032,-0.06408517062664032,0,0.0,0.0,1,0,0,0,0.06408517062664032,0.06408517062664032,0.0
376,748,Wes Morgan,Leicester,3,13,0,0.0,0.0,0,0.0,0.0,0,0,0,0,0.0,0.14461266994476318,0.14461266994476318
377,745,Kasper Schmeichel,Leicester,38,3420,0,0.0,0.0,0,0.0,0.0,0,0,0,0,0.0,3.8688178383745253,3.8688178383745253
378,9257,Allan Tchaptchet,Southampton,1,10,0,0.0,0.0,0,0.0,0.0,0,0,0,0,0.0,0.0,0.0
379,9256,Caleb Watts,Southampton,3,30,0,0.0,0.0,0,0.0,0.0,0,0,1,0,0.0,0.0,0.0
380,8511,Alexandre Jankewitz,Southampton,2,2,0,0.0,0.0,0,0.0,0.0,0,0,0,0,0.0,0.09200882166624069,0.09200882166624069
381,8493,Jake Vokins,Southampton,1,69,0,0.0,0.0,0,0.03704096004366875,-0.03704096004366875,0,1,0,0,0.0,0.17254392802715302,0.13550297915935516
382,8224,William Smallbone,Southampton,3,174,0,0.046092383563518524,-0.046092383563518524,0,0.0,0.0,1,0,0,0,0.046092383563518524,0.18661439046263695,0.14052199944853783
383,7983,Daniel N&#039;Lundulu,Southampton,13,82,0,0.026467276737093925,-0.026467276737093925,0,0.03030879609286785,-0.03030879609286785,1,1,0,0,0.026467276737093925,0.05677607282996178,0.026467276737093925
384,545,Kieran Gibbs,West Bromwich Albion,10,808,0,0.06194194033741951,-0.06194194033741951,0,0.4062059596180916,-0.4062059596180916,1,4,0,0,0.06194194033741951,0.8934749104082584,0.8129167035222054
385,682,Branislav Ivanovic,West Bromwich Albion,13,761,0,0.45947081595659256,-0.45947081595659256,0,0.048929497599601746,-0.048929497599601746,4,1,2,0,0.45947081595659256,0.34919734112918377,0.34919734112918377
386,848,Charlie Austin,West Bromwich Albion,5,126,0,0.4129626452922821,-0.4129626452922821,0,0.0,0.0,3,0,0,0,0.4129626452922821,0.4129626452922821,0.0
387,978,Sam Johnstone,West Bromwich Albion,37,3330,0,0.0,0.0,1,0.11011698096990585,0.8898830190300941,0,1,1,0,0.0,2.627215836197138,2.517098855227232
388,510,Joel Ward,Crystal Palace,26,2252,0,0.05171137396246195,-0.05171137396246195,1,0.473003345541656,0.526996654458344,2,7,5,0,0.05171137396246195,3.116230333223939,2.8893981855362654
389,485,Mamadou Sakho,Crystal Palace,4,274,0,0.0188349187374115,-0.0188349187374115,0,0.0,0.0,1,0,0,0,0.0188349187374115,0.5140529274940491,0.5140529274940491
390,8966,Filip Krovinovic,West Bromwich Albion,11,537,0,0.2156818900257349,-0.2156818900257349,0,0.17187480628490448,-0.17187480628490448,8,5,0,0,0.2156818900257349,0.6958095971494913,0.4774555675685406
391,8905,Conor Townsend,West Bromwich Albion,25,2237,0,0.8228233018890023,-0.8228233018890023,2,2.648506863042712,-0.6485068630427122,11,23,0,0,0.8228233018890023,6.1198229771107435,3.7857370637357235
392,8758,Kyle Edwards,West Bromwich Albion,5,110,0,0.11881578713655472,-0.11881578713655472,0,0.021378837525844574,-0.021378837525844574,2,1,0,0,0.11881578713655472,0.19228214025497437,0.05208751931786537
393,8757,Romaine Sawyers,West Bromwich Albion,19,1495,0,0.1499063465744257,-0.1499063465744257,0,0.6822901219129562,-0.6822901219129562,4,6,3,0,0.1499063465744257,1.843244545161724,1.1865131705999374
394,8756,Dara O&#039;Shea,West Bromwich Albion,28,2098,0,0.06425278820097446,-0.06425278820097446,0,0.11929176840931177,-0.11929176840931177,3,5,3,0,0.06425278820097446,1.8983053835108876,1.8384410347789526
395,6932,Okay Yokuslu,West Bromwich Albion,16,1328,0,0.7194971535354853,-0.7194971535354853,1,0.44252058677375317,0.5574794132262468,12,6,4,0,0.7194971535354853,2.787972804158926,2.3611945174634457
396,6843,David Button,West Bromwich Albion,1,90,0,0.0,0.0,0,0.0,0.0,0,0,0,0,0.0,0.0,0.0
397,6822,Lee Peltier,West Bromwich Albion,4,230,0,0.0,0.0,0,0.022321734577417374,-0.022321734577417374,0,1,1,0,0.0,0.17831582203507423,0.15599408745765686
398,5562,Rekeem Harper,West Bromwich Albion,2,27,0,0.029595350846648216,-0.029595350846648216,0,0.0,0.0,1,0,0,0,0.029595350846648216,0.038211461156606674,0.008616110309958458
399,3979,Ahmed Hegazy,West Bromwich Albion,1,90,0,0.0,0.0,0,0.0,0.0,0,0,0,0,0.0,0.18402814865112305,0.18402814865112305
400,3231,Kamil Grosicki,West Bromwich Albion,3,151,0,0.10924907773733139,-0.10924907773733139,1,0.5663558542728424,0.4336441457271576,3,3,0,0,0.10924907773733139,0.16501346230506897,0.017962073907256126
401,1750,Ainsley Maitland-Niles,West Bromwich Albion,15,1236,0,0.6947166435420513,-0.6947166435420513,0,0.740548849105835,-0.740548849105835,10,4,2,0,0.6947166435420513,3.5639228150248528,2.8032035380601883
402,1691,Robert Snodgrass,West Bromwich Albion,8,530,0,0.2063673846423626,-0.2063673846423626,0,0.5400325320661068,-0.5400325320661068,4,3,2,0,0.2063673846423626,0.814837571233511,0.15025337599217892
403,1689,Jake Livermore,West Bromwich Albion,18,1247,0,0.28153711929917336,-0.28153711929917336,0,0.1757232453674078,-0.1757232453674078,5,5,2,0,0.28153711929917336,2.1714075841009617,1.8604294564574957
404,1013,Sam Field,West Bromwich Albion,3,56,0,0.0,0.0,0,0.0,0.0,0,0,0,0,0.0,0.0,0.0
405,7326,Kayne Ramsay,Southampton,1,90,0,0.0,0.0,0,0.0,0.0,0,0,1,0,0.0,0.016576746478676796,0.016576746478676796
406,7280,Yan Valery,Southampton,3,95,0,0.2929137125611305,-0.2929137125611305,0,0.09160998463630676,-0.09160998463630676,2,1,0,0,0.2929137125611305,0.47032806277275085,0.17741435766220093
407,6923,Mohammed Salisu,Southampton,12,836,0,0.47843165323138237,-0.47843165323138237,0,0.17215737327933311,-0.17215737327933311,4,2,1,0,0.47843165323138237,2.2042923234403133,2.1540722399950027
408,1084,Jonjoe Kenny,Everton,4,81,0,0.0,0.0,0,0.0,0.0,0,0,0,0,0.0,0.24064451456069946,0.24064451456069946
409,876,Fabian Delph,Everton,8,249,0,0.014957983046770096,-0.014957983046770096,0,0.054449012503027916,-0.054449012503027916,1,2,1,0,0.014957983046770096,1.060617944225669,1.0171574261039495
410,741,Jordan Pickford,Everton,31,2742,0,0.0,0.0,0,0.021773621439933777,-0.021773621439933777,0,1,1,0,0.0,3.7141596572473645,3.6923860358074307
411,585,Seamus Coleman,Everton,25,1612,0,0.8948433343321085,-0.8948433343321085,3,1.507626404054463,1.492373595945537,12,19,0,0,0.8948433343321085,5.504014186561108,4.07946090772748
412,503,Theo Walcott,Everton,1,10,0,0.0,0.0,0,0.0,0.0,0,0,0,0,0.0,0.0,0.0
413,465,Joshua King,Everton,11,119,0,0.7881247904151678,-0.7881247904151678,0,0.0,0.0,3,0,0,0,0.7881247904151678,0.8868908192962408,0.7569956742227077
414,9415,Jaden Philogene-Bidace,Aston Villa,1,1,0,0.0,0.0,0,0.0,0.0,0,0,0,0,0.0,0.05604390427470207,0.05604390427470207
415,9356,Carney Chukwuemeka,Aston Villa,2,16,0,0.05604390427470207,-0.05604390427470207,0,0.0,0.0,1,0,0,0,0.05604390427470207,0.05604390427470207,0.0
416,8941,Jacob Ramsey,Aston Villa,22,593,0,0.5745489113032818,-0.5745489113032818,0,0.21190830320119858,-0.21190830320119858,11,6,0,0,0.5745489113032818,2.227643296122551,1.6948828250169754
417,8864,Matthew Cash,Aston Villa,28,2389,0,0.24789143819361925,-0.24789143819361925,2,1.90566261485219,0.09433738514780998,9,21,6,0,0.24789143819361925,6.5916025741025805,5.0334595097228885
418,8040,Marvelous Nakamba,Aston Villa,13,757,0,0.03308352828025818,-0.03308352828025818,0,0.05933398939669132,-0.05933398939669132,2,2,3,0,0.03308352828025818,0.8930098544806242,0.8114342261105776
419,7724,Wesley,Aston Villa,3,14,0,0.03288218751549721,-0.03288218751549721,0,0.0,0.0,1,0,0,0,0.03288218751549721,0.11823534592986107,0.08535315841436386
420,6122,Douglas Luiz,Aston Villa,33,2807,0,1.3188335550948977,-1.3188335550948977,2,2.4181482968851924,-0.4181482968851924,26,19,8,0,1.3188335550948977,9.615895634517074,7.108103701844811
421,4401,Emiliano Martinez,Aston Villa,38,3420,0,0.0,0.0,0,0.1229233592748642,-0.1229233592748642,0,2,1,0,0.0,3.730909232981503,3.607985866256058
422,3696,Morgan Sanson,Aston Villa,9,291,0,0.026357137598097324,-0.026357137598097324,0,0.10845217108726501,-0.10845217108726501,2,1,3,0,0.026357137598097324,0.30181363597512245,0.19336146488785744
423,1685,Ahmed Elmohamady,Aston Villa,14,823,0,0.3412727639079094,-0.3412727639079094,0,0.9894664287567139,-0.9894664287567139,9,13,2,0,0.3412727639079094,2.426968083716929,1.610212274827063
424,884,Matt Targett,Aston Villa,38,3407,0,0.2803044756874442,-0.2803044756874442,2,2.799669211730361,-0.799669211730361,6,39,7,0,0.2803044756874442,9.610858652740717,8.203313463367522
425,710,Neil Taylor,Aston Villa,1,13,0,0.0,0.0,0,0.0,0.0,0,0,1,0,0.0,0.0,0.0
426,1042,Tom Davies,Everton,25,1433,0,0.1774021964520216,-0.1774021964520216,1,0.9561843797564507,0.04381562024354935,7,6,3,0,0.1774021964520216,3.188047233968973,2.6904863491654396
427,1304,Moise Kean,Everton,2,10,0,0.02234572172164917,-0.02234572172164917,0,0.0,0.0,1,0,0,0,0.02234572172164917,0.02234572172164917,0.0
428,6736,Ibrahima Diallo,Southampton,22,999,0,0.6084523275494576,-0.6084523275494576,0,0.6375493090599775,-0.6375493090599775,7,9,3,0,0.6084523275494576,3.302306402474642,2.5710457675158978
429,1379,Allan,Everton,24,2051,0,0.2417211476713419,-0.2417211476713419,0,0.7722852285951376,-0.7722852285951376,7,16,6,0,0.2417211476713419,9.109652698040009,8.36444772593677
430,6504,Michael Obafemi,Southampton,4,52,0,0.0,0.0,0,0.0549185536801815,-0.0549185536801815,0,1,0,0,0.0,0.14890268631279469,0.14890268631279469
431,1735,Jack Stephens,Southampton,18,1544,0,0.8943033330142498,-0.8943033330142498,0,0.45565636083483696,-0.45565636083483696,6,6,2,0,0.8943033330142498,3.081087851896882,2.751403072848916
432,885,Kyle Walker-Peters,Southampton,30,2655,0,1.1350795272737741,-1.1350795272737741,2,1.2537511801347136,0.7462488198652864,18,16,4,0,1.1350795272737741,8.663987297564745,6.625143991783261
433,839,Shane Long,Southampton,11,184,0,0.06422476656734943,-0.06422476656734943,0,0.0,0.0,2,0,0,0,0.06422476656734943,0.08692492172122002,0.06606833077967167
434,835,Ryan Bertrand,Southampton,29,2600,0,0.374919967725873,-0.374919967725873,1,1.395297447219491,-0.395297447219491,8,13,5,0,0.374919967725873,5.361662907525897,4.813895485363901
435,831,Fraser Forster,Southampton,8,720,0,0.0,0.0,0,0.0,0.0,0,0,0,0,0.0,1.1139454767107964,1.1139454767107964
436,635,Alex McCarthy,Southampton,30,2700,0,0.0,0.0,0,0.0,0.0,0,0,2,0,0.0,2.76343253813684,2.76343253813684
437,9406,Nathan Broadhead,Everton,1,1,0,0.0,0.0,0,0.0,0.0,0,0,0,0,0.0,0.0,0.0
438,8366,João Virgínia,Everton,1,48,0,0.0,0.0,0,0.0,0.0,0,0,0,0,0.0,0.0,0.0
439,8150,Anthony Gordon,Everton,3,87,0,0.0,0.0,0,0.01913999207317829,-0.01913999207317829,0,1,0,0,0.0,0.18850479647517204,0.18850479647517204
440,8109,Niels Nkounkou,Everton,2,80,0,0.016959821805357933,-0.016959821805357933,0,0.0,0.0,1,0,1,0,0.016959821805357933,0.030957642942667007,0.013997821137309074
441,7689,Ben Godfrey,Everton,31,2682,0,0.793114734813571,-0.793114734813571,2,0.9784832503646612,1.0215167496353388,14,4,4,0,0.793114734813571,5.5503826308995485,4.866148514673114
442,6962,Robin Olsen,Everton,7,630,0,0.0,0.0,0,0.0,0.0,0,0,1,0,0.0,0.8195910453796387,0.8195910453796387
443,6477,Cenk Tosun,Everton,5,37,0,0.0,0.0,0,0.07407927513122559,-0.07407927513122559,0,1,2,0,0.0,0.10806649923324585,0.033987220376729965
444,4764,Jean-Philippe Gbamin,Everton,1,9,0,0.0,0.0,0,0.0,0.0,0,0,0,0,0.0,0.0,0.0
445,2383,André Gomes,Everton,28,1574,0,0.42712869960814714,-0.42712869960814714,1,1.0544508751481771,-0.05445087514817715,14,15,3,0,0.42712869960814714,5.508419404737651,4.376286745071411
446,1823,Lucas Digne,Everton,30,2683,0,0.46404311526566744,-0.46404311526566744,7,5.960716728121042,1.0392832718789577,13,45,2,0,0.46404311526566744,10.744329296052456,6.58903606235981
447,525,Martin Kelly,Crystal Palace,1,1,0,0.0,0.0,0,0.0,0.0,0,0,0,0,0.0,0.0,0.0
448,530,James Tomkins,Crystal Palace,8,553,0,0.12336964905261993,-0.12336964905261993,0,0.11044849455356598,-0.11044849455356598,2,1,1,0,0.12336964905261993,0.28486899100244045,0.28486899100244045
449,589,James McCarthy,Crystal Palace,16,834,0,0.012277675792574883,-0.012277675792574883,0,0.2898282688111067,-0.2898282688111067,1,5,1,0,0.012277675792574883,1.1981794610619545,1.0280184224247932
450,9154,Elliot Anderson,Newcastle United,1,3,0,0.0,0.0,0,0.0,0.0,0,0,0,0,0.0,0.0,0.0
451,7691,Jamal Lewis,Newcastle United,24,1824,0,0.11957662552595139,-0.11957662552595139,1,0.9897835236042738,0.010216476395726204,3,14,4,0,0.11957662552595139,4.688646201044321,3.727763444185257
452,7078,Sean Longstaff,Newcastle United,22,1391,0,0.8264288203790784,-0.8264288203790784,1,0.9400976076722145,0.05990239232778549,15,13,2,0,0.8264288203790784,3.0005824575200677,1.707065629772842
453,6532,Martin Dubravka,Newcastle United,13,1170,0,0.0,0.0,0,0.0,0.0,0,0,0,0,0.0,2.120249611325562,2.120249611325562
454,6062,Isaac Hayden,Newcastle United,24,1946,0,0.6148466067388654,-0.6148466067388654,0,0.24249647092074156,-0.24249647092074156,16,7,8,0,0.6148466067388654,4.556474668905139,4.0891827661544085
455,1719,Javier Manquillo,Newcastle United,13,823,0,0.023161858320236206,-0.023161858320236206,0,0.2976967543363571,-0.2976967543363571,1,5,1,0,0.023161858320236206,1.4320279778912663,1.111169352196157
456,1683,Ryan Fraser,Newcastle United,18,920,0,0.9030798394232988,-0.9030798394232988,2,2.168529823422432,-0.16852982342243195,13,25,0,0,0.9030798394232988,2.994263719767332,1.3422147808596492
457,780,Karl Darlow,Newcastle United,25,2250,0,0.0,0.0,0,0.0,0.0,0,0,2,0,0.0,0.9974323827773333,0.9974323827773333
458,727,DeAndre Yedlin,Newcastle United,6,442,0,0.0998492855578661,-0.0998492855578661,0,0.08443297632038593,-0.08443297632038593,2,3,0,0,0.0998492855578661,0.5257039777934551,0.3566392660140991
459,708,Federico Fernández,Newcastle United,24,2090,0,0.19384310767054558,-0.19384310767054558,0,0.5685491189360619,-0.5685491189360619,4,7,4,0,0.19384310767054558,3.305469788610935,3.2190251126885414
460,461,Matt Ritchie,Newcastle United,18,1360,0,0.3301006630063057,-0.3301006630063057,2,2.4923457093536854,-0.4923457093536854,11,24,2,0,0.3301006630063057,5.130529761314392,4.38347963988781
461,6875,Rúnar Alex Rúnarsson,Arsenal,1,11,0,0.0,0.0,0,0.0,0.0,0,0,0,0,0.0,0.0,0.0
462,6630,Joe Willock,Arsenal,7,229,0,0.24291200563311577,-0.24291200563311577,0,0.061499012634158134,-0.061499012634158134,4,2,1,0,0.24291200563311577,0.5193420127034187,0.21493100002408028
463,6492,Reiss Nelson,Arsenal,2,59,0,0.056917089968919754,-0.056917089968919754,0,0.0,0.0,1,0,0,0,0.056917089968919754,0.34803973510861397,0.2911226451396942
464,2446,Dani Ceballos,Arsenal,25,1613,0,0.6592579409480095,-0.6592579409480095,3,2.578971767798066,0.42102823220193386,13,27,4,0,0.6592579409480095,9.275826007127762,8.116632506251335
465,2385,Mat Ryan,Arsenal,3,270,0,0.0,0.0,0,0.06032726913690567,-0.06032726913690567,0,1,0,0,0.0,0.4281696304678917,0.4281696304678917
466,2328,Thomas Partey,Arsenal,24,1543,0,1.157276637852192,-1.157276637852192,2,1.121044723317027,0.8789552766829729,26,12,5,0,1.157276637852192,7.274703525006771,5.8366045989096165
467,1750,Ainsley Maitland-Niles,Arsenal,11,483,0,0.10147437825798988,-0.10147437825798988,0,0.08144229464232922,-0.08144229464232922,2,2,0,0,0.10147437825798988,2.4045513346791267,2.2486806605011225
468,8016,Matthew Longstaff,Newcastle United,5,376,0,0.0,0.0,0,0.3137078955769539,-0.3137078955769539,0,2,0,0,0.0,0.4224841073155403,0.10877621918916702
469,484,Divock Origi,Liverpool,9,176,0,1.0811212956905365,-1.0811212956905365,0,0.1400348860770464,-0.1400348860770464,7,2,0,0,1.0811212956905365,1.4969345815479755,0.7823662180453539
470,1699,Shkodran Mustafi,Arsenal,3,43,0,0.0,0.0,0,0.0,0.0,0,0,0,0,0.0,0.06472476571798325,0.06472476571798325
471,489,James Milner,Liverpool,26,1037,0,0.35657380148768425,-0.35657380148768425,1,0.7905595283955336,0.20944047160446644,12,13,3,0,0.35657380148768425,5.68504504673183,4.885257272981107
472,8158,Scott Carson,Manchester City,1,90,0,0.0,0.0,0,0.0,0.0,0,0,0,0,0.0,0.0,0.0
473,8045,Eric Garcia,Manchester City,6,378,0,0.07463662326335907,-0.07463662326335907,0,0.008322987705469131,-0.008322987705469131,2,1,0,0,0.07463662326335907,0.8594759479165077,0.7848393097519875
474,7817,Zack Steffen,Manchester City,1,90,0,0.0,0.0,0,0.0,0.0,0,0,0,0,0.0,0.34973475337028503,0.34973475337028503
475,6054,Ederson,Manchester City,36,3240,0,0.0,0.0,1,0.3033580780029297,0.6966419219970703,0,1,3,0,0.0,7.629851099103689,7.326493043452501
476,2958,Oleksandr Zinchenko,Manchester City,20,1473,0,0.6606592806056142,-0.6606592806056142,0,1.0854990985244513,-1.0854990985244513,16,15,0,0,0.6606592806056142,9.49437602981925,8.718509811908007
477,2498,Aymeric Laporte,Manchester City,16,1335,0,0.8423399478197098,-0.8423399478197098,0,0.5778953805565834,-0.5778953805565834,6,5,1,0,0.8423399478197098,6.243810184299946,6.243810184299946
478,614,Fernandinho,Manchester City,21,1170,0,0.8150819344446063,-0.8150819344446063,2,1.5401164283975959,0.4598835716024041,14,14,6,0,0.8150819344446063,8.776916489005089,7.831777147948742
479,9086,Rhys Williams,Liverpool,9,661,0,0.5532400980591774,-0.5532400980591774,0,0.22220534086227417,-0.22220534086227417,7,2,0,0,0.5532400980591774,2.306015744805336,2.1871695667505264
480,8852,Konstantinos Tsimikas,Liverpool,2,4,0,0.0,0.0,0,0.0,0.0,0,0,0,0,0.0,0.0,0.0
481,8204,Neco Williams,Liverpool,6,252,0,0.08622520789504051,-0.08622520789504051,0,0.19339871406555176,-0.19339871406555176,2,3,1,0,0.08622520789504051,1.0746421925723553,0.7950182408094406
482,7904,Caoimhin Kelleher,Liverpool,2,180,0,0.0,0.0,0,0.0,0.0,0,0,0,0,0.0,0.44792696833610535,0.44792696833610535
483,7376,Ozan Kabak,Liverpool,9,807,0,0.08602816611528397,-0.08602816611528397,0,0.029386911541223526,-0.029386911541223526,1,1,3,0,0.08602816611528397,1.8639117367565632,1.8639117367565632
484,5247,Naby Keita,Liverpool,10,525,0,0.39325888082385063,-0.39325888082385063,0,0.9129509925842285,-0.9129509925842285,9,6,1,0,0.39325888082385063,3.590221043676138,2.329714197665453
485,3420,Fabinho,Liverpool,30,2563,0,0.36248932033777237,-0.36248932033777237,0,0.29806183092296124,-0.29806183092296124,10,4,6,0,0.36248932033777237,11.8080262131989,11.55500503256917
486,987,Joseph Gomez,Liverpool,7,594,0,0.0,0.0,0,0.06542927026748657,-0.06542927026748657,0,1,0,0,0.0,2.0854201316833496,2.019990861415863
487,888,Xherdan Shaqiri,Liverpool,14,534,0,0.42472053691744804,-0.42472053691744804,2,2.510420076549053,-0.5104200765490532,11,19,2,0,0.42472053691744804,4.585736162960529,2.1229257490485907
488,527,Adrián,Liverpool,3,270,0,0.0,0.0,0,0.0,0.0,0,0,0,0,0.0,0.3974394351243973,0.3974394351243973
489,1749,Rob Holding,Arsenal,30,2548,0,0.7339209318161011,-0.7339209318161011,1,0.20068277791142464,0.7993172220885754,14,4,2,0,0.7339209318161011,7.403347596526146,7.163187839090824
490,847,Cédric Soares,Arsenal,10,746,0,0.20354272704571486,-0.20354272704571486,1,0.8928054347634315,0.10719456523656845,7,6,1,0,0.20354272704571486,3.3355983961373568,2.9193570725619793
491,603,Nathaniel Clyne,Crystal Palace,13,1151,0,0.12293394096195698,-0.12293394096195698,1,0.22248492389917374,0.7775150761008263,4,4,2,0,0.12293394096195698,1.8969638887792826,1.7311625815927982
492,706,Lukasz Fabianski,West Ham,35,3150,0,0.0,0.0,0,0.0,0.0,0,0,2,0,0.0,1.2763743558898568,1.2763743558898568
493,534,Aaron Cresswell,West Ham,36,3176,0,0.8834644388407469,-0.8834644388407469,8,7.390939908102155,0.6090600918978453,19,58,3,0,0.8834644388407469,10.62028263323009,8.39244052581489
494,533,Mark Noble,West Ham,21,702,0,0.0526793897151947,-0.0526793897151947,0,0.1763314949348569,-0.1763314949348569,1,5,1,0,0.0526793897151947,0.7763152047991753,0.7236358076334
495,7988,Billy Gilmour,Chelsea,5,256,0,0.05113431066274643,-0.05113431066274643,0,0.12365835532546043,-0.12365835532546043,1,3,0,0,0.05113431066274643,0.5436719954013824,0.4064304232597351
496,6880,Edouard Mendy,Chelsea,31,2748,0,0.0,0.0,0,0.0,0.0,0,0,2,0,0.0,4.780523473396897,4.780523473396897
497,5061,Kepa,Chelsea,7,582,0,0.0,0.0,0,0.0,0.0,0,0,1,0,0.0,0.30502439849078655,0.30502439849078655
498,2254,Mateo Kovacic,Chelsea,27,1833,0,0.9314172859303653,-0.9314172859303653,1,1.9152584234252572,-0.9152584234252572,23,21,4,0,0.9314172859303653,14.808724199421704,13.03579165134579
499,1245,Emerson,Chelsea,2,88,0,0.0,0.0,0,0.0,0.0,0,0,0,0,0.0,0.0,0.0
500,751,N&#039;Golo Kanté,Chelsea,30,2142,0,0.7004624530673027,-0.7004624530673027,2,1.206712644547224,0.793287355452776,10,22,7,0,0.7004624530673027,10.102666012942791,8.441409684717655
501,703,Fikayo Tomori,Chelsea,1,43,0,0.0,0.0,0,0.0,0.0,0,0,0,0,0.0,0.0727275162935257,0.0727275162935257
502,688,Ruben Loftus-Cheek,Chelsea,1,65,0,0.0,0.0,0,0.0,0.0,0,0,0,0,0.0,0.019802788272500038,0.019802788272500038
503,624,Willy Caballero,Chelsea,1,90,0,0.0,0.0,0,0.0,0.0,0,0,0,0,0.0,0.14356312155723572,0.14356312155723572
504,592,Ross Barkley,Chelsea,2,35,0,0.017517002299427986,-0.017517002299427986,0,0.11523915827274323,-0.11523915827274323,1,1,0,0,0.017517002299427986,0.22261007130146027,0.08985390514135361
505,200,Andreas Christensen,Chelsea,17,1375,0,0.12940827198326588,-0.12940827198326588,0,0.250104570761323,-0.250104570761323,3,6,2,0,0.12940827198326588,7.441710580140352,7.276742447167635
506,2190,Vicente Guaita,Crystal Palace,37,3330,0,0.0,0.0,0,0.0,0.0,0,0,2,0,0.0,1.4324403442442417,1.4324403442442417
507,856,Jack Butland,Crystal Palace,1,90,0,0.0,0.0,0,0.0,0.0,0,0,0,0,0.0,0.0,0.0
508,730,Patrick van Aanholt,Crystal Palace,22,1775,0,1.398338496685028,-1.398338496685028,1,0.649572467431426,0.35042753256857395,18,12,2,0,1.398338496685028,4.809477232396603,3.354221023619175
509,633,James McArthur,Crystal Palace,18,1482,0,0.28225431498140097,-0.28225431498140097,2,1.5203707329928875,0.4796292670071125,6,15,3,0,0.28225431498140097,3.245603632181883,2.2573831360787153
510,540,Darren Randolph,West Ham,3,270,0,0.0,0.0,0,0.0,0.0,0,0,0,0,0.0,0.2751619219779968,0.2751619219779968
511,1208,Felipe Anderson,West Ham,2,2,0,0.0,0.0,0,0.0,0.0,0,0,0,0,0.0,0.05036865919828415,0.05036865919828415
512,508,Calum Chambers,Arsenal,10,750,0,0.3639731630682945,-0.3639731630682945,2,1.0427646078169346,0.9572353921830654,8,11,0,0,0.3639731630682945,3.835656374692917,2.810004845261574
513,1691,Robert Snodgrass,West Ham,3,3,0,0.0,0.0,0,0.0,0.0,0,0,0,0,0.0,0.0160553976893425,0.0160553976893425
514,342,Sead Kolasinac,Arsenal,1,90,0,0.0,0.0,0,0.0,0.0,0,0,0,0,0.0,0.42935803532600403,0.42935803532600403
515,181,Bernd Leno,Arsenal,35,3136,0,0.0,0.0,0,0.0,0.0,0,0,0,0,0.0,4.326600980013609,4.326600980013609
516,9332,Dane Scarlett,Tottenham,1,1,0,0.0,0.0,0,0.0,0.0,0,0,0,0,0.0,0.0,0.0
517,8222,Japhet Tanganga,Tottenham,6,496,0,0.20077668502926826,-0.20077668502926826,0,0.5815756916999817,-0.5815756916999817,2,1,2,0,0.20077668502926826,1.399339895695448,0.8177642039954662
518,7187,Sergio Reguilón,Tottenham,27,2258,0,1.1595538258552551,-1.1595538258552551,3,2.0991002712398767,0.9008997287601233,20,17,5,0,1.1595538258552551,8.529953263700008,6.114481773227453
519,6852,Matt Doherty,Tottenham,17,1228,0,0.3638824336230755,-0.3638824336230755,2,0.7646760381758213,1.2353239618241787,3,11,2,0,0.3638824336230755,4.369955110363662,3.785172172822058
520,6377,Joe Rodon,Tottenham,12,730,0,0.018329372629523277,-0.018329372629523277,0,0.0,0.0,1,0,0,0,0.018329372629523277,1.4196595326066017,1.4196595326066017
521,6249,Davinson Sánchez,Tottenham,18,1488,0,0.8006941750645638,-0.8006941750645638,0,0.02053021267056465,-0.02053021267056465,5,1,1,0,0.8006941750645638,5.34808811545372,5.34808811545372
522,971,Harry Winks,Tottenham,15,854,0,0.06147134490311146,-0.06147134490311146,0,0.18998101726174355,-0.18998101726174355,4,4,5,0,0.06147134490311146,3.7452441714704037,3.6405233442783356
523,772,Moussa Sissoko,Tottenham,25,1563,0,0.24807330965995789,-0.24807330965995789,0,0.18440947122871876,-0.18440947122871876,3,4,3,0,0.24807330965995789,4.136225494556129,3.9269614992663264
524,660,Ben Davies,Tottenham,20,1330,0,0.19769307598471642,-0.19769307598471642,1,0.4373754449188709,0.5626245550811291,3,8,1,0,0.19769307598471642,2.6845735367387533,2.3310538921505213
525,645,Dele Alli,Tottenham,15,615,0,1.6745913289487362,-1.6745913289487362,1,1.3262444715946913,-0.3262444715946913,12,9,0,0,1.6745913289487362,4.32270379178226,2.1345880310982466
526,643,Eric Dier,Tottenham,28,2520,0,1.2531612887978554,-1.2531612887978554,0,0.2254233150742948,-0.2254233150742948,14,6,3,0,1.2531612887978554,5.7221764624118805,5.697844207286835
527,637,Hugo Lloris,Tottenham,38,3420,0,0.0,0.0,0,0.0,0.0,0,0,0,0,0.0,4.801015069708228,4.801015069708228
528,8965,Vladimir Coufal,West Ham,34,3056,0,1.3991486802697182,-1.3991486802697182,7,6.389942045323551,0.6100579546764493,15,45,3,0,1.3991486802697182,14.980883304029703,8.57749655842781
529,6274,Andriy Yarmolenko,West Ham,15,343,0,0.3100077696144581,-0.3100077696144581,1,0.7814441211521626,0.21855587884783745,7,5,3,0,0.3100077696144581,1.4537306912243366,0.9313923269510269
530,1760,Arthur Masuaku,West Ham,12,1017,0,0.4290256863459945,-0.4290256863459945,2,2.595891861245036,-0.5958918612450361,6,11,2,0,0.4290256863459945,4.273891273885965,1.791139980778098
531,9423,Gaetano Berardi,Leeds,2,113,0,0.07476061582565308,-0.07476061582565308,0,0.0,0.0,1,0,0,0,0.07476061582565308,0.2312779352068901,0.2312779352068901
